 ,Area,X,Y,Perim.,BX,BY,Width,Height,Circ.,Feret,FeretX,FeretY,FeretAngle,MinFeret,AR,Round,Solidity,,,Al At%,Cu At%,Mg At%,Fe At%,Mn At%,Si At%,O At%,,Type
1,64,"1,298,156","31,125","40,870",1294,26,9,12,0.481,"13,892",1295,38,"59,744","8,050","1,945",0.514,0.790,,,#N/A,#N/A,#N/A,#N/A,#N/A,#N/A,#N/A,,#N/A
2,25,"1,222,220","29,620","20,728",1218,28,9,4,0.731,"9,220",1218,31,"12,529","4,000","2,661",0.376,0.833,,,#N/A,#N/A,#N/A,#N/A,#N/A,#N/A,#N/A,,#N/A
3,36,"1,445,194","36,583","22,142",1442,33,6,8,0.923,"8,602",1443,33,"125,538","6,000","1,426",0.701,0.889,,,#N/A,#N/A,#N/A,#N/A,#N/A,#N/A,#N/A,,#N/A
4,386,"778,632","55,389","105,640",769,39,20,31,0.435,"32,573",772,39,"107,879","19,576","1,872",0.534,0.770,,,#N/A,#N/A,#N/A,#N/A,#N/A,#N/A,#N/A,,#N/A
5,36,"850,278","42,167","21,556",847,39,7,7,0.974,"7,810",848,39,"129,806","7,000","1,080",0.926,0.878,,,#N/A,#N/A,#N/A,#N/A,#N/A,#N/A,#N/A,,#N/A
6,21,"1,319,929","42,024","18,142",1317,39,6,6,0.802,"7,810",1317,45,"39,806","4,472","2,007",0.498,0.792,,,#N/A,#N/A,#N/A,#N/A,#N/A,#N/A,#N/A,,#N/A
7,86,"201,965","46,802","33,799",197,42,10,11,0.946,"12,207",199,52,"55,008","10,000","1,126",0.888,0.925,,,#N/A,#N/A,#N/A,#N/A,#N/A,#N/A,#N/A,,#N/A
8,214,"958,416","52,346","56,971",952,43,13,19,0.829,"21,095",953,61,"58,570","12,540","1,629",0.614,0.939,,,#N/A,#N/A,#N/A,#N/A,#N/A,#N/A,#N/A,,#N/A
9,63,"683,913","51,198","28,971",680,46,8,10,0.943,"10,817",681,56,"56,310","8,000","1,323",0.756,0.900,,,#N/A,#N/A,#N/A,#N/A,#N/A,#N/A,#N/A,,#N/A
10,116,"188,181","57,664","43,113",183,50,12,15,0.784,"15,811",184,50,"108,435","11,963","1,379",0.725,0.879,,,#N/A,#N/A,#N/A,#N/A,#N/A,#N/A,#N/A,,#N/A
11,51,"930,775","55,461","26,971",927,51,8,9,0.881,"11,402",927,51,"127,875","7,603","1,531",0.653,0.879,,,#N/A,#N/A,#N/A,#N/A,#N/A,#N/A,#N/A,,#N/A
12,13,"1,170,346","54,038","12,728",1168,52,5,4,"1,000","5,385",1168,53,"158,199","4,000","1,416",0.706,0.812,,,#N/A,#N/A,#N/A,#N/A,#N/A,#N/A,#N/A,,#N/A
13,12,"1,180,000","54,000","11,314",1178,52,4,4,"1,000","4,472",1179,52,"116,565","4,000","1,000","1,000",0.857,,,#N/A,#N/A,#N/A,#N/A,#N/A,#N/A,#N/A,,#N/A
14,38,"1,494,026","59,763","25,899",1492,54,4,11,0.712,"11,402",1493,54,"105,255","4,000","2,630",0.380,0.938,,,85.78,7.29,1.07,1.91,1.12,0.74,2.09,,Secondary
15,12,"273,250","58,833","11,899",271,57,4,4,"1,000","5,000",272,61,"53,130","4,000","1,135",0.881,0.857,,,#N/A,#N/A,#N/A,#N/A,#N/A,#N/A,#N/A,,#N/A
16,21,"479,214","62,929","16,728",476,60,6,5,0.943,"6,708",476,62,"153,435","5,000","1,306",0.766,0.857,,,#N/A,#N/A,#N/A,#N/A,#N/A,#N/A,#N/A,,#N/A
17,16,"439,375","64,500","14,142",437,62,5,5,"1,000","5,831",438,62,"120,964","4,243","1,452",0.689,0.821,,,#N/A,#N/A,#N/A,#N/A,#N/A,#N/A,#N/A,,#N/A
18,69,"1,683,239","68,341","31,799",1679,62,8,12,0.857,"12,369",1683,62,"104,036","8,000","1,568",0.638,0.890,,,51.8089725,24.26435118,20.65846599,0.156777617,0,0.434153401,2.677279305,,S-phase
19,116,"1,728,647","69,957","41,698",1723,63,12,14,0.838,"15,811",1724,77,"55,305","11,314","1,446",0.692,0.885,,,52.74384138,23.6230723,21.56018426,0,0,0,2.072902063,,S-phase
20,146,"472,527","72,301","46,527",466,65,13,16,0.848,"16,763",470,81,"72,646","13,000","1,222",0.818,0.890,,,#N/A,#N/A,#N/A,#N/A,#N/A,#N/A,#N/A,,#N/A
21,35,"1,220,643","68,671","21,556",1217,65,7,7,0.947,"9,220",1217,66,"139,399","5,657","1,561",0.641,0.897,,,92.07079292,2.499750025,1.199880012,0.339966003,0.259974003,0.359964004,3.269673033,,Secondary
22,23,"1,664,848","68,761","17,899",1663,65,4,7,0.902,"8,062",1663,65,"119,745","4,000","1,931",0.518,0.920,,,#N/A,#N/A,#N/A,#N/A,#N/A,#N/A,#N/A,,#N/A
23,134,"1,440,030","74,336","45,355",1433,67,14,15,0.819,"16,643",1435,67,"122,735","12,021","1,509",0.663,0.890,,,71.02,17.98,0.67,6.26,1.53,0.34,2.2,,Secondary
24,33,"449,288","73,288","32,870",443,69,12,9,0.384,"13,892",443,77,"30,256","4,438","4,594",0.218,0.635,,,#N/A,#N/A,#N/A,#N/A,#N/A,#N/A,#N/A,,#N/A
25,462,"1,602,446","87,587","125,439",1589,72,32,31,0.369,"36,620",1594,73,"124,992","22,746","1,636",0.611,0.734,,,71.76691289,5.029897995,0,8.72317974,6.284441318,6.694805956,1.500762106,,Secondary
26,15,"1,632,033","74,167","13,899",1630,72,4,5,0.976,"5,831",1630,72,"120,964","4,000","1,392",0.718,0.882,,,74.39952438,21.73602854,1.343638526,0,0.095124851,0,2.42568371,,Unknown
27,130,"1,217,331","79,123","47,941",1209,73,16,12,0.711,"16,492",1209,78,"165,964","11,659","1,526",0.655,0.844,,,#N/A,#N/A,#N/A,#N/A,#N/A,#N/A,#N/A,,#N/A
28,110,"1,027,045","80,236","37,213",1022,74,11,12,0.998,"13,038",1024,74,"122,471","11,000","1,066",0.938,0.948,,,68.71,27.74,1.19,0,0.44,0.26,1.66,,Theta
29,94,"618,255","83,628","36,042",613,78,11,12,0.909,"13,601",614,78,"126,027","10,286","1,287",0.777,0.900,,,70.93290671,18.80811919,8.149185081,0,0,0.229977002,1.879812019,,Unknown
30,13,"728,346","82,038","12,728",726,80,5,4,"1,000","5,385",726,81,"158,199","4,000","1,416",0.706,0.812,,,#N/A,#N/A,#N/A,#N/A,#N/A,#N/A,#N/A,,#N/A
31,19,"323,342","83,289","15,314",321,81,5,5,"1,000","6,403",321,81,"141,340","4,919","1,260",0.794,0.864,,,#N/A,#N/A,#N/A,#N/A,#N/A,#N/A,#N/A,,#N/A
32,71,"1,646,627","91,415","34,042",1643,85,8,12,0.770,"13,038",1643,85,"122,471","8,000","1,488",0.672,0.887,,,72.06279372,17.36826317,0.479952005,5.079492051,2.679732027,0.499950005,1.829817018,,Secondary
33,31,"210,210","93,629","19,556",207,90,6,7,"1,000","7,616",209,90,"113,199","6,000","1,248",0.801,0.886,,,58.93893894,21.06106106,18.7987988,0,0,0,1.201201201,,S-phase
34,13,"724,962","92,346","12,485",723,90,4,4,"1,000","5,000",724,90,"126,870","4,000","1,148",0.871,0.897,,,#N/A,#N/A,#N/A,#N/A,#N/A,#N/A,#N/A,,#N/A
35,51,"974,578","95,794","31,213",971,90,7,11,0.658,"11,705",973,101,"70,017","7,000","1,777",0.563,0.810,,,#N/A,#N/A,#N/A,#N/A,#N/A,#N/A,#N/A,,#N/A
36,69,"1,036,514","95,978","31,213",1032,91,9,11,0.890,"12,083",1034,102,"65,556","8,944","1,283",0.780,0.890,,,67.53675368,29.8829883,0.96009601,0,0,0.170017002,1.450145015,,Theta
37,52,"376,904","98,385","25,799",373,94,8,9,0.982,"9,487",375,94,"108,435","7,778","1,165",0.859,0.897,,,80.82424727,16.80504151,1.080324097,0,0.270081024,0,1.020306092,,Unknown
38,65,"709,146","100,654","31,556",706,94,6,13,0.820,"13,153",709,94,"98,746","6,000","2,068",0.484,0.929,,,58.12,20.92,18.77,0,0,0.38,1.81,,S-phase
39,10,"282,000","96,700","10,485",280,95,4,3,"1,000","4,472",280,96,"153,435","3,000","1,384",0.723,0.909,,,#N/A,#N/A,#N/A,#N/A,#N/A,#N/A,#N/A,,#N/A
40,52,"363,000","99,404","28,627",358,95,11,8,0.797,"11,705",358,97,"160,017","6,688","1,910",0.524,0.839,,,#N/A,#N/A,#N/A,#N/A,#N/A,#N/A,#N/A,,#N/A
41,79,"1,654,715","109,120","35,456",1649,103,12,11,0.790,"15,000",1649,104,"143,130","8,321","2,106",0.475,0.849,,,70.0470047,18.32183218,0.520052005,5.640564056,1.800180018,0.460046005,3.210321032,,Secondary
42,157,"1,019,513","115,691","46,042",1012,109,14,14,0.931,"15,811",1013,111,"145,305","14,000","1,043",0.959,0.932,,,54.85,22.74,20.03,0.46,0.13,0.34,1.45,,S-phase
43,14,"1,291,000","110,786","12,485",1289,109,4,4,"1,000","5,000",1289,109,"126,870","4,000","1,020",0.981,0.933,,,#N/A,#N/A,#N/A,#N/A,#N/A,#N/A,#N/A,,#N/A
44,1396,"1,065,101","139,321","226,149",1044,112,47,58,0.343,"66,573",1053,169,"57,265","34,916","1,904",0.525,0.788,,,71.9023928,6.420279555,0.734423122,9.263207771,4.240701256,5.034352049,2.404643449,,Secondary
45,102,"376,196","119,245","38,385",371,113,10,13,0.870,"14,318",373,113,"114,775","10,000","1,388",0.720,0.915,,,64.08649711,32.90330507,0.884629561,0,0.110578695,0.466887824,1.548101732,,Theta
46,67,"1,207,978","119,276","34,284",1202,114,12,11,0.716,"14,422",1202,123,"33,690","6,872","2,394",0.418,0.838,,,93.05503322,2.030838661,1.479252852,0,0.075216247,0.45129748,2.908361539,,Unknown
47,19,"1,603,447","120,868","15,314",1601,118,5,5,"1,000","6,403",1602,118,"128,660","4,919","1,344",0.744,0.884,,,#N/A,#N/A,#N/A,#N/A,#N/A,#N/A,#N/A,,#N/A
48,16,"246,750","123,875","13,899",244,122,5,4,"1,000","5,657",245,126,"45,000","4,000","1,150",0.869,0.889,,,#N/A,#N/A,#N/A,#N/A,#N/A,#N/A,#N/A,,#N/A
49,26,"1,756,538","131,231","18,728",1754,128,5,7,0.932,"7,810",1754,134,"50,194","5,000","1,534",0.652,0.881,,,#N/A,#N/A,#N/A,#N/A,#N/A,#N/A,#N/A,,#N/A
50,44,"1,591,932","154,364","25,799",1587,151,10,7,0.831,"10,817",1587,157,"33,690","6,364","1,824",0.548,0.863,,,74.87787005,20.27357108,1.404494382,0.183194919,0,0,3.260869565,,Unknown
51,227,"873,584","159,544","74,912",861,152,28,16,0.508,"28,071",861,161,"4,086","14,279","2,166",0.462,0.757,,,58.29417058,21.65783422,18.49815018,0,0,0,1.549845015,,S-phase
52,452,"1,167,821","167,617","96,912",1155,153,22,33,0.605,"34,438",1157,155,"115,821","20,499","1,977",0.506,0.820,,,68.6,11.61,0.27,9.41,4.44,3.04,2.63,,Secondary
53,10,"398,700","165,000","10,485",397,163,3,4,"1,000","4,472",398,163,"116,565","3,000","1,327",0.753,0.909,,,#N/A,#N/A,#N/A,#N/A,#N/A,#N/A,#N/A,,#N/A
54,527,"1,449,921","185,485","106,468",1439,166,23,36,0.584,"36,674",1442,202,"78,996","22,754","1,733",0.577,0.853,,,67.86678668,20.57205721,0.320032003,7.770777078,2.080208021,0.560056006,0.830083008,,Secondary
55,31,"608,113","172,855","21,314",606,169,5,8,0.858,"8,944",606,177,"63,435","5,000","1,810",0.552,0.899,,,#N/A,#N/A,#N/A,#N/A,#N/A,#N/A,#N/A,,#N/A
56,19,"394,921","172,974","16,728",393,170,4,6,0.853,"6,708",393,170,"116,565","4,000","1,627",0.615,0.864,,,#N/A,#N/A,#N/A,#N/A,#N/A,#N/A,#N/A,,#N/A
57,321,"1,719,491","191,780","80,083",1709,181,21,22,0.629,"26,907",1710,181,"131,987","19,974","1,381",0.724,0.850,,,71.04499274,14.6710208,0,7.462506047,3.43492985,1.850507983,1.536042574,,Secondary
58,12,"888,000","188,000","11,314",886,186,4,4,"1,000","4,472",887,186,"116,565","4,000","1,000","1,000",0.857,,,#N/A,#N/A,#N/A,#N/A,#N/A,#N/A,#N/A,,#N/A
59,23,"1,003,457","191,891","16,728",1001,189,5,6,"1,000","6,708",1002,195,"63,435","5,000","1,311",0.763,0.885,,,#N/A,#N/A,#N/A,#N/A,#N/A,#N/A,#N/A,,#N/A
60,16,"1,172,500","198,000","13,314",1170,196,5,4,"1,000","5,385",1170,197,"158,199","4,000","1,209",0.827,0.889,,,#N/A,#N/A,#N/A,#N/A,#N/A,#N/A,#N/A,,#N/A
61,12,"1,151,833","201,000","11,899",1150,199,4,4,"1,000","5,000",1150,203,"36,870","4,000","1,281",0.781,0.857,,,#N/A,#N/A,#N/A,#N/A,#N/A,#N/A,#N/A,,#N/A
62,19,"967,816","203,342","16,142",965,201,6,5,0.916,"7,211",965,201,"146,310","4,438","1,844",0.542,0.809,,,#N/A,#N/A,#N/A,#N/A,#N/A,#N/A,#N/A,,#N/A
63,10,"894,000","206,000","11,314",892,204,4,4,0.982,"4,472",893,204,"116,565","3,578","1,316",0.760,0.769,,,#N/A,#N/A,#N/A,#N/A,#N/A,#N/A,#N/A,,#N/A
64,23,"572,109","208,239","17,314",570,205,5,6,0.964,"6,708",571,205,"116,565","5,000","1,322",0.756,0.885,,,#N/A,#N/A,#N/A,#N/A,#N/A,#N/A,#N/A,,#N/A
65,22,"559,773","210,318","18,728",556,208,7,5,0.788,"7,616",556,211,"23,199","4,743","1,778",0.563,0.815,,,#N/A,#N/A,#N/A,#N/A,#N/A,#N/A,#N/A,,#N/A
66,59,"1,556,602","213,347","30,385",1552,209,10,8,0.803,"10,630",1553,217,"41,186","8,000","1,277",0.783,0.868,,,#N/A,#N/A,#N/A,#N/A,#N/A,#N/A,#N/A,,#N/A
67,15,"1,120,300","212,633","14,142",1118,210,5,5,0.942,"5,831",1118,214,"30,964","4,243","1,330",0.752,0.789,,,#N/A,#N/A,#N/A,#N/A,#N/A,#N/A,#N/A,,#N/A
68,14,"1,157,786","212,857","13,899",1156,210,4,5,0.911,"6,403",1156,210,"128,660","4,000","1,678",0.596,0.848,,,#N/A,#N/A,#N/A,#N/A,#N/A,#N/A,#N/A,,#N/A
69,13,"458,500","225,500","12,485",456,224,5,3,"1,000","5,831",456,224,"149,036","3,000","1,735",0.576,0.929,,,#N/A,#N/A,#N/A,#N/A,#N/A,#N/A,#N/A,,#N/A
70,79,"1,272,551","236,741","34,627",1268,230,9,13,0.828,"14,318",1270,230,"114,775","8,050","1,938",0.516,0.888,,,84.65375935,8.575840361,1.330324267,2.26867799,0.700795819,0,2.470602209,,Secondary
71,21,"1,351,786","232,929","16,485",1350,230,4,6,0.971,"6,708",1350,230,"116,565","4,000","1,548",0.646,0.933,,,#N/A,#N/A,#N/A,#N/A,#N/A,#N/A,#N/A,,#N/A
72,150,"660,287","237,187","52,284",650,231,18,12,0.690,"18,974",650,236,"161,565","12,000","1,784",0.561,0.850,,,64.86264381,31.3336464,1.267903264,0.270016436,0,0,2.265790092,,Theta
73,114,"598,009","240,921","43,698",591,234,14,14,0.750,"17,804",593,234,"128,157","9,545","2,076",0.482,0.860,,,50.55583375,23.51527291,22.83425138,0,0.220330496,0,2.874311467,,S-phase
74,24,"705,167","241,958","18,142",702,239,6,6,0.916,"7,211",703,239,"123,690","4,919","1,521",0.658,0.842,,,#N/A,#N/A,#N/A,#N/A,#N/A,#N/A,#N/A,,#N/A
75,99,"122,449","249,116","48,527",117,242,11,17,0.528,"18,385",118,259,"67,620","9,870","2,144",0.466,0.759,,,#N/A,#N/A,#N/A,#N/A,#N/A,#N/A,#N/A,,#N/A
76,15,"1,170,767","245,567","13,314",1169,243,4,5,"1,000","5,831",1169,243,"120,964","4,000","1,435",0.697,0.882,,,#N/A,#N/A,#N/A,#N/A,#N/A,#N/A,#N/A,,#N/A
77,125,"135,844","259,780","43,213",131,251,10,16,0.841,"16,492",135,251,"104,036","10,000","1,619",0.618,0.919,,,#N/A,#N/A,#N/A,#N/A,#N/A,#N/A,#N/A,,#N/A
78,31,"1,456,048","254,661","20,142",1453,252,7,6,0.960,"8,062",1453,257,"29,745","6,000","1,314",0.761,0.886,,,83.13650921,7.335868695,5.584467574,0,0,0,3.943154524,,Unknown
79,75,"1,514,127","259,753","31,799",1510,254,9,11,0.932,"12,083",1512,254,"114,444","9,000","1,302",0.768,0.898,,,69.22461231,13.92696348,12.65632816,0,0.250125063,0,3.941970985,,S-phase
80,25,"304,700","258,620","18,142",301,256,7,5,0.954,"7,280",301,258,"164,055","5,000","1,313",0.761,0.877,,,#N/A,#N/A,#N/A,#N/A,#N/A,#N/A,#N/A,,#N/A
81,33,"1,006,015","262,682","20,728",1002,260,7,6,0.965,"8,062",1002,261,"150,255","6,000","1,172",0.853,0.917,,,#N/A,#N/A,#N/A,#N/A,#N/A,#N/A,#N/A,,#N/A
82,258,"315,132","273,628","61,698",305,264,19,18,0.852,"22,672",306,281,"41,424","17,859","1,347",0.742,0.915,,,53.91054772,23.96555848,20.54532409,0.191341784,0,0.143506338,1.243721598,,S-phase
83,29,"384,776","266,914","18,728",382,264,6,6,"1,000","7,211",383,270,"56,310","6,000","1,076",0.929,0.906,,,#N/A,#N/A,#N/A,#N/A,#N/A,#N/A,#N/A,,#N/A
84,201,"678,490","269,779","68,669",666,264,25,13,0.536,"25,318",666,270,"9,090","13,000","1,862",0.537,0.838,,,#N/A,#N/A,#N/A,#N/A,#N/A,#N/A,#N/A,,#N/A
85,347,"998,157","276,699","75,012",985,268,27,18,0.775,"29,547",985,270,"156,038","17,393","1,755",0.570,0.920,,,70.4370437,19.27192719,0.730073007,4.670467047,2.940294029,0.380038004,1.570157016,,Secondary
86,37,"129,365","271,959","30,385",125,269,10,7,0.504,"10,817",126,276,"33,690","6,548","2,119",0.472,0.698,,,#N/A,#N/A,#N/A,#N/A,#N/A,#N/A,#N/A,,#N/A
87,61,"1,282,697","278,172","38,870",1277,272,11,12,0.507,"16,279",1277,284,"47,490","6,394","3,202",0.312,0.762,,,#N/A,#N/A,#N/A,#N/A,#N/A,#N/A,#N/A,,#N/A
88,27,"691,759","275,833","18,728",689,273,6,6,0.967,"7,211",690,279,"56,310","6,000","1,137",0.880,0.871,,,#N/A,#N/A,#N/A,#N/A,#N/A,#N/A,#N/A,,#N/A
89,16,"1,474,375","279,812","14,728",1472,277,5,5,0.927,"5,385",1474,277,"111,801","4,919","1,076",0.929,0.821,,,90.2390239,2.550255026,1.900190019,0.330033003,0.230023002,0.660066007,4.090409041,,Secondary
90,13,"1,504,885","279,115","11,899",1503,277,4,4,"1,000","5,000",1503,281,"36,870","4,000","1,159",0.863,0.897,,,#N/A,#N/A,#N/A,#N/A,#N/A,#N/A,#N/A,,#N/A
91,24,"776,083","281,792","20,971",772,279,8,5,0.686,"8,944",772,280,"153,435","4,642","2,333",0.429,0.762,,,#N/A,#N/A,#N/A,#N/A,#N/A,#N/A,#N/A,,#N/A
92,31,"612,597","282,694","20,142",609,280,7,6,0.960,"8,602",609,280,"144,462","5,657","1,592",0.628,0.899,,,#N/A,#N/A,#N/A,#N/A,#N/A,#N/A,#N/A,,#N/A
93,42,"1,490,857","284,667","24,971",1486,281,10,6,0.846,"10,198",1486,284,"168,690","6,000","1,772",0.564,0.884,,,89.70485243,3.64182091,2.711355678,0,0.180090045,0,3.76188094,,Unknown
94,21,"1,476,357","287,262","16,728",1473,285,7,4,0.943,"7,280",1473,289,"15,945","4,000","1,618",0.618,0.894,,,77.19257808,11.60539357,8.908608966,0.195920249,0,0.115247205,1.98225193,,Unknown
95,19,"110,289","288,553","15,314",108,286,5,5,"1,000","6,403",108,291,"38,660","4,919","1,380",0.725,0.884,,,#N/A,#N/A,#N/A,#N/A,#N/A,#N/A,#N/A,,#N/A
96,125,"1,528,412","295,356","46,284",1521,288,16,13,0.733,"19,416",1521,289,"145,491","9,985","2,169",0.461,0.856,,,53.83,21.62,21.53,0,0,0.47,2.55,,S-phase
97,16,"1,533,312","290,000","13,899",1531,288,5,4,"1,000","5,831",1531,292,"30,964","4,000","1,371",0.729,0.889,,,#N/A,#N/A,#N/A,#N/A,#N/A,#N/A,#N/A,,#N/A
98,16,"1,591,000","292,500","14,485",1589,290,4,5,0.958,"6,403",1589,295,"51,340","4,000","1,662",0.602,0.889,,,#N/A,#N/A,#N/A,#N/A,#N/A,#N/A,#N/A,,#N/A
99,44,"1,004,000","294,409","26,142",999,292,10,5,0.809,"10,440",999,293,"163,301","5,000","2,054",0.487,0.917,,,71.05,17.32,0.55,5.14,2.42,0.56,2.96,,Secondary
100,253,"1,492,168","301,990","76,184",1476,294,29,14,0.548,"30,364",1476,305,"17,241","14,000","2,786",0.359,0.789,,,74.98,13.62,9.08,0,0,0.59,1.73,,Unknown
101,62,"1,358,790","308,645","32,142",1356,302,6,13,0.754,"13,928",1356,302,"111,038","6,000","2,324",0.430,0.919,,,#N/A,#N/A,#N/A,#N/A,#N/A,#N/A,#N/A,,#N/A
102,105,"1,140,357","310,110","38,042",1135,304,11,13,0.912,"14,765",1137,317,"61,699","10,607","1,398",0.715,0.909,,,70.2,18.03,0.28,5.19,2.28,0.34,3.68,,Secondary
103,67,"144,022","316,918","34,385",141,310,7,14,0.712,"14,560",142,324,"74,055","6,833","2,456",0.407,0.854,,,#N/A,#N/A,#N/A,#N/A,#N/A,#N/A,#N/A,,#N/A
104,77,"995,786","316,500","32,627",991,311,9,12,0.909,"12,369",994,311,"104,036","9,000","1,326",0.754,0.901,,,73.54265403,22.66587678,1.007109005,0,0,0.130331754,2.654028436,,Unknown
105,11,"1,123,318","335,318","11,899",1121,333,4,4,0.976,"4,472",1123,333,"116,565","4,000","1,035",0.966,0.846,,,#N/A,#N/A,#N/A,#N/A,#N/A,#N/A,#N/A,,#N/A
106,22,"1,140,318","343,091","16,728",1138,340,5,6,0.988,"7,211",1138,346,"56,310","4,919","1,582",0.632,0.880,,,#N/A,#N/A,#N/A,#N/A,#N/A,#N/A,#N/A,,#N/A
107,72,"585,500","345,306","33,799",579,342,13,7,0.792,"13,928",579,347,"21,038","7,000","1,930",0.518,0.894,,,#N/A,#N/A,#N/A,#N/A,#N/A,#N/A,#N/A,,#N/A
108,13,"1,049,115","349,885","11,899",1047,348,4,4,"1,000","5,000",1047,351,"36,870","4,000","1,159",0.863,0.897,,,#N/A,#N/A,#N/A,#N/A,#N/A,#N/A,#N/A,,#N/A
109,19,"150,500","351,500","15,314",148,349,5,5,"1,000","5,831",149,349,"120,964","4,919","1,179",0.848,0.864,,,#N/A,#N/A,#N/A,#N/A,#N/A,#N/A,#N/A,,#N/A
110,34,"1,583,853","353,735","21,556",1580,351,8,6,0.919,"8,246",1580,352,"165,964","6,000","1,235",0.810,0.861,,,84.61086982,7.55957272,4.941894589,0,0,0.26998474,2.617678131,,Unknown
111,50,"851,360","367,900","27,799",846,364,11,7,0.813,"12,083",846,365,"155,556","6,791","1,881",0.532,0.847,,,58.41618101,21.14044109,18.60358816,0,0.12569992,0,1.714089818,,S-phase
112,29,"1,588,914","368,948","19,314",1586,366,6,6,0.977,"7,211",1587,366,"123,690","6,000","1,107",0.903,0.892,,,76.21353626,12.07194742,9.062608094,0.092240286,0,0.230600715,2.32906722,,Unknown
113,172,"1,341,698","374,849","56,426",1334,368,18,16,0.679,"18,248",1334,371,"170,538","15,446","1,088",0.919,0.843,,,80.93190681,10.50894911,1.199880012,3.839616038,1.01989801,0.149985001,2.349765023,,Secondary
114,11,"1,689,955","370,136","11,314",1688,368,4,4,"1,000","4,472",1689,368,"116,565","4,000","1,139",0.878,0.815,,,#N/A,#N/A,#N/A,#N/A,#N/A,#N/A,#N/A,,#N/A
115,44,"990,364","373,205","24,971",986,369,8,8,0.887,"10,000",986,376,"36,870","7,071","1,543",0.648,0.863,,,#N/A,#N/A,#N/A,#N/A,#N/A,#N/A,#N/A,,#N/A
116,12,"232,417","377,667","12,485",231,375,3,5,0.967,"5,385",231,380,"68,199","3,000","1,579",0.633,0.889,,,#N/A,#N/A,#N/A,#N/A,#N/A,#N/A,#N/A,,#N/A
117,184,"294,348","388,250","51,698",286,381,18,14,0.865,"19,698",286,383,"156,038","13,914","1,447",0.691,0.922,,,55.3,22.56,20.33,0.1,0.33,0.29,1.09,,S-phase
118,161,"846,394","392,339","46,627",841,384,11,17,0.931,"18,028",843,384,"109,440","11,000","1,514",0.660,0.953,,,49.5850415,25.49745025,21.72782722,0,0.089991001,0.729927007,2.369763024,,S-phase
119,28,"371,464","397,107","19,314",368,394,6,6,0.943,"7,810",368,399,"39,806","5,814","1,343",0.745,0.903,,,#N/A,#N/A,#N/A,#N/A,#N/A,#N/A,#N/A,,#N/A
120,42,"382,548","397,262","23,556",378,394,9,6,0.951,"9,220",378,399,"12,529","6,000","1,350",0.741,0.894,,,#N/A,#N/A,#N/A,#N/A,#N/A,#N/A,#N/A,,#N/A
121,457,"1,259,572","415,375","104,468",1251,395,19,38,0.526,"39,850",1255,433,"72,474","19,000","2,041",0.490,0.820,,,69.29,14.56,0.23,6.79,3.73,1.59,3.81,,Secondary
122,12,"1,593,000","398,500","11,657",1591,397,4,3,"1,000","5,000",1591,397,"143,130","3,000","1,333",0.750,"1,000",,,#N/A,#N/A,#N/A,#N/A,#N/A,#N/A,#N/A,,#N/A
123,33,"177,439","403,076","20,728",175,399,5,8,0.965,"8,544",176,399,"110,556","5,000","1,516",0.660,0.917,,,80.4,11.9,0.86,3.17,0.89,0.21,2.57,,Secondary
124,169,"369,725","411,932","67,255",362,403,17,20,0.470,"21,190",371,423,"70,710","15,149","1,426",0.701,0.743,,,72.07089926,17.06388945,0,4.916883637,1.912677749,0.210294412,3.825355498,,Secondary
125,29,"1,415,362","406,466","20,142",1412,403,7,6,0.898,"7,810",1413,403,"129,806","6,000","1,347",0.742,0.853,,,88.28,5.04,1.7,1.16,0.62,0.41,2.79,,Secondary
126,26,"448,538","408,385","18,142",446,405,5,7,0.993,"7,280",448,412,"74,055","5,000","1,349",0.742,0.881,,,#N/A,#N/A,#N/A,#N/A,#N/A,#N/A,#N/A,,#N/A
127,43,"466,570","419,244","31,799",463,413,7,12,0.534,"13,416",464,425,"63,435","5,632","3,101",0.322,0.748,,,#N/A,#N/A,#N/A,#N/A,#N/A,#N/A,#N/A,,#N/A
128,28,"979,179","422,714","19,556",976,419,6,7,0.920,"7,810",976,425,"39,806","5,657","1,447",0.691,0.848,,,#N/A,#N/A,#N/A,#N/A,#N/A,#N/A,#N/A,,#N/A
129,51,"1,671,873","423,931","26,971",1667,420,9,8,0.881,"10,000",1668,427,"36,870","7,155","1,375",0.727,0.879,,,68.77502002,15.72257806,14.13130504,0,0.190152122,0,1.180944756,,S-phase
130,67,"1,427,679","434,291","40,284",1423,426,10,14,0.519,"16,643",1423,426,"122,735","7,374","2,519",0.397,0.757,,,84.35,7.44,1.4,2.2,1.68,0.83,2.1,,Secondary
131,173,"926,194","438,673","54,770",920,429,13,19,0.725,"19,105",924,448,"83,991","13,000","1,417",0.706,0.885,,,73.61,15.52,0.36,4.45,2.11,0.32,3.63,,Secondary
132,47,"1,672,500","436,500","24,385",1669,432,7,9,0.993,"9,487",1671,432,"108,435","7,000","1,256",0.796,0.887,,,56.76,21.59,20.31,0,0.13,0.21,1,,S-phase
133,13,"1,409,731","442,885","21,556",1407,440,5,6,0.352,"6,708",1408,446,"63,435","4,243","1,742",0.574,0.619,,,#N/A,#N/A,#N/A,#N/A,#N/A,#N/A,#N/A,,#N/A
134,684,"527,072","476,272","129,296",517,450,26,46,0.514,"46,690",522,450,"99,866","26,000","2,268",0.441,0.788,,,71.07,9.42,0.6,9.23,4.62,2.3,2.76,,Secondary
135,14,"575,214","458,000","12,485",573,456,4,4,"1,000","5,000",574,456,"126,870","4,000","1,020",0.981,0.933,,,#N/A,#N/A,#N/A,#N/A,#N/A,#N/A,#N/A,,#N/A
136,40,"1,383,150","470,675","26,142",1379,467,9,7,0.736,"10,817",1379,474,"33,690","5,907","2,100",0.476,0.833,,,#N/A,#N/A,#N/A,#N/A,#N/A,#N/A,#N/A,,#N/A
137,31,"546,048","479,113","20,142",543,476,6,7,0.960,"8,602",543,476,"125,538","5,657","1,504",0.665,0.899,,,#N/A,#N/A,#N/A,#N/A,#N/A,#N/A,#N/A,,#N/A
138,19,"1,011,868","480,447","15,314",1009,478,5,5,"1,000","6,403",1010,478,"128,660","4,919","1,344",0.744,0.884,,,#N/A,#N/A,#N/A,#N/A,#N/A,#N/A,#N/A,,#N/A
139,15,"1,268,100","492,100","13,071",1266,490,4,4,"1,000","5,657",1266,494,"45,000","4,000","1,137",0.880,0.968,,,#N/A,#N/A,#N/A,#N/A,#N/A,#N/A,#N/A,,#N/A
140,29,"1,671,328","493,534","20,142",1668,490,6,7,0.898,"8,602",1669,497,"54,462","5,367","1,734",0.577,0.866,,,#N/A,#N/A,#N/A,#N/A,#N/A,#N/A,#N/A,,#N/A
141,61,"1,198,975","497,828","28,385",1195,493,8,10,0.951,"11,180",1197,503,"63,435","8,000","1,343",0.745,0.910,,,90.4109589,2.909709029,2.649735026,0.229977002,0.229977002,0.329967003,3.239676032,,Unknown
142,38,"457,605","500,711","20,971",454,497,7,7,"1,000","8,062",456,497,"119,745","7,000","1,135",0.881,0.905,,,52.73418925,23.32382311,19.85259154,0,0.463623395,0.285306705,3.340466001,,S-phase
143,35,"1,664,843","507,386","24,385",1662,503,6,9,0.740,"9,487",1663,503,"108,435","5,578","1,949",0.513,0.814,,,#N/A,#N/A,#N/A,#N/A,#N/A,#N/A,#N/A,,#N/A
144,79,"1,256,728","523,335","40,527",1251,517,12,13,0.604,"15,620",1251,529,"39,806","7,778","2,324",0.430,0.827,,,88.67302053,3.641251222,2.77370479,0.207722385,0.171065494,0.305474096,4.227761486,,Secondary
145,74,"1,316,757","526,486","32,971",1313,520,8,12,0.855,"12,649",1315,520,"108,435","8,000","1,568",0.638,0.908,,,63.82361764,17.90820918,15.81841816,0.429957004,0.139986001,0.479952005,1.399860014,,Secondary
146,14,"865,786","529,000","12,485",864,527,4,4,"1,000","5,000",864,527,"126,870","4,000","1,020",0.981,0.933,,,#N/A,#N/A,#N/A,#N/A,#N/A,#N/A,#N/A,,#N/A
147,426,"969,045","545,594","106,225",960,528,19,36,0.474,"36,222",965,528,"96,340","16,769","2,376",0.421,0.856,,,72.56,4.84,0.5,8.22,6.01,6.06,1.81,,Secondary
148,22,"1,657,045","546,909","21,556",1653,543,7,7,0.595,"8,602",1653,549,"35,538","4,243","2,398",0.417,0.721,,,85.32088123,5.735153257,1.436781609,1.56848659,0.718390805,0.466954023,4.75335249,,Secondary
149,257,"1,299,142","565,068","73,841",1291,554,20,20,0.592,"22,472",1292,573,"57,724","18,783","1,045",0.957,0.817,,,71.87,18.31,0.37,5.86,1.24,0.21,2.14,,Secondary
150,29,"313,879","561,776","19,556",311,558,6,7,0.953,"7,616",312,565,"66,801","5,814","1,299",0.770,0.853,,,#N/A,#N/A,#N/A,#N/A,#N/A,#N/A,#N/A,,#N/A
151,90,"1,281,867","569,278","34,627",1277,563,10,12,0.943,"12,806",1278,564,"128,660","10,000","1,266",0.790,0.909,,,83.05,8.57,5.73,0.59,0.38,0.47,1.21,,Secondary
152,26,"1,694,962","569,808","18,142",1692,567,6,6,0.993,"7,211",1692,568,"146,310","5,657","1,271",0.787,0.867,,,#N/A,#N/A,#N/A,#N/A,#N/A,#N/A,#N/A,,#N/A
153,13,"400,038","570,885","12,485",398,569,4,4,"1,000","5,657",398,569,"135,000","4,000","1,450",0.690,0.897,,,#N/A,#N/A,#N/A,#N/A,#N/A,#N/A,#N/A,,#N/A
154,46,"616,891","576,196","25,213",613,572,8,9,0.909,"10,296",614,572,"119,055","6,708","1,618",0.618,0.860,,,77.85016287,19.09759923,1.459765955,0.072385089,0,0.16889854,1.351188322,,Unknown
155,22,"1,664,773","576,136","18,142",1661,574,7,5,0.840,"8,062",1661,574,"150,255","4,600","1,989",0.503,0.830,,,#N/A,#N/A,#N/A,#N/A,#N/A,#N/A,#N/A,,#N/A
156,17,"1,699,147","578,500","14,142",1697,576,5,5,"1,000","5,385",1698,576,"111,801","4,950","1,044",0.957,0.850,,,#N/A,#N/A,#N/A,#N/A,#N/A,#N/A,#N/A,,#N/A
157,79,"823,905","582,715","32,042",819,577,10,11,0.967,"11,705",822,577,"109,983","9,839","1,180",0.847,0.898,,,53.15814282,23.04972897,20.77539477,0,0.09427292,0.483148716,2.439311808,,S-phase
158,27,"1,176,611","586,278","19,556",1174,583,6,7,0.887,"8,062",1174,583,"119,745","5,367","1,571",0.636,0.844,,,#N/A,#N/A,#N/A,#N/A,#N/A,#N/A,#N/A,,#N/A
159,26,"186,615","606,038","18,728",183,604,7,5,0.932,"7,616",183,607,"23,199","5,000","1,552",0.644,0.881,,,#N/A,#N/A,#N/A,#N/A,#N/A,#N/A,#N/A,,#N/A
160,14,"1,697,000","607,786","12,485",1695,606,4,4,"1,000","5,000",1695,606,"126,870","4,000","1,020",0.981,0.933,,,#N/A,#N/A,#N/A,#N/A,#N/A,#N/A,#N/A,,#N/A
161,21,"1,690,976","614,452","27,799",1689,609,4,11,0.341,"11,705",1689,609,"109,983","3,726","4,213",0.237,0.646,,,#N/A,#N/A,#N/A,#N/A,#N/A,#N/A,#N/A,,#N/A
162,28,"971,536","613,214","18,971",968,610,7,6,0.978,"7,211",970,610,"123,690","6,000","1,121",0.892,0.836,,,64.83307592,18.58144232,14.1142925,0.178210764,0.285137222,0,2.007841274,,S-phase
163,73,"1,098,007","617,075","31,213",1094,611,8,12,0.942,"12,166",1097,623,"80,538","8,000","1,369",0.731,0.907,,,57.54913295,21.39884393,18.62427746,0.277456647,0,0.196531792,1.953757225,,S-phase
164,31,"800,532","615,210","23,556",797,612,7,7,0.702,"9,220",798,612,"130,601","6,325","1,508",0.663,0.816,,,#N/A,#N/A,#N/A,#N/A,#N/A,#N/A,#N/A,,#N/A
165,14,"452,214","616,571","13,314",450,614,4,5,0.993,"5,831",451,614,"120,964","4,000","1,468",0.681,0.848,,,#N/A,#N/A,#N/A,#N/A,#N/A,#N/A,#N/A,,#N/A
166,59,"393,907","619,822","29,213",390,615,8,10,0.869,"11,180",391,615,"116,565","8,000","1,395",0.717,0.887,,,72.27277272,13.79862014,0.659934007,5.369463054,2.279772023,1.619838016,3.99960004,,Secondary
167,101,"1,489,955","623,282","40,385",1486,616,8,16,0.778,"16,492",1489,632,"75,964","8,000","2,035",0.491,0.918,,,91.95597799,3.24162081,2.311155578,0.170085043,0,0.48024012,1.84092046,,Unknown
168,72,"1,655,972","625,194","51,113",1647,621,17,8,0.346,"17,464",1647,626,"13,241","7,334","3,128",0.320,0.670,,,#N/A,#N/A,#N/A,#N/A,#N/A,#N/A,#N/A,,#N/A
169,13,"1,174,115","623,885","11,899",1172,622,4,4,"1,000","5,000",1172,625,"36,870","4,000","1,159",0.863,0.897,,,#N/A,#N/A,#N/A,#N/A,#N/A,#N/A,#N/A,,#N/A
170,41,"804,841","629,524","26,142",802,624,6,10,0.754,"11,180",803,624,"116,565","5,942","1,961",0.510,0.854,,,#N/A,#N/A,#N/A,#N/A,#N/A,#N/A,#N/A,,#N/A
171,12,"1,710,000","631,000","11,314",1708,629,4,4,"1,000","4,472",1709,629,"116,565","4,000","1,000","1,000",0.857,,,87.67891102,5.615053548,1.811630467,1.331198078,0.3703333,0,3.192873586,,Secondary
172,804,"268,307","648,950","113,983",255,630,29,37,0.778,"37,947",260,666,"71,565","29,000","1,308",0.764,0.928,,,70.38,12.8,0.68,8.13,3.74,2,2.27,,Secondary
173,10,"116,500","633,700","11,071",115,632,3,4,"1,000","4,472",115,632,"116,565","3,000","1,236",0.809,0.909,,,#N/A,#N/A,#N/A,#N/A,#N/A,#N/A,#N/A,,#N/A
174,197,"1,603,505","644,688","56,426",1596,634,16,21,0.778,"22,136",1599,634,"108,435","12,758","1,856",0.539,0.874,,,76.08617162,13.11830545,0.300878565,5.668552172,2.166325671,0.794319413,1.865447106,,Secondary
175,122,"121,811","642,549","44,870",113,638,17,9,0.761,"17,720",113,645,"16,390","9,000","1,959",0.511,0.891,,,#N/A,#N/A,#N/A,#N/A,#N/A,#N/A,#N/A,,#N/A
176,448,"842,324","654,085","136,610",824,638,38,27,0.302,"44,944",824,663,"32,276","20,090","2,648",0.378,0.658,,,63.81276255,25.46509302,6.911382276,0.76015203,0,0.310062012,2.74054811,,Theta
177,70,"872,100","644,214","30,971",868,639,8,11,0.917,"11,705",871,650,"70,017","8,000","1,389",0.720,0.915,,,56.92,21.16,19.78,0,0,0.34,1.8,,S-phase
178,53,"1,057,840","643,915","27,556",1054,639,7,10,0.877,"11,180",1056,649,"63,435","7,000","1,634",0.612,0.906,,,77.67963714,12.12699928,5.896395321,2.076867988,0.584865123,0.143232275,1.492002865,,Secondary
179,14,"1,165,714","642,857","13,314",1163,641,5,4,0.993,"5,385",1163,642,"158,199","4,000","1,264",0.791,0.848,,,#N/A,#N/A,#N/A,#N/A,#N/A,#N/A,#N/A,,#N/A
180,23,"806,022","647,326","18,728",804,644,4,7,0.824,"7,616",804,644,"113,199","4,000","1,636",0.611,0.885,,,#N/A,#N/A,#N/A,#N/A,#N/A,#N/A,#N/A,,#N/A
181,16,"1,446,125","649,250","17,314",1444,646,4,7,0.671,"7,280",1445,646,"105,945","3,638","2,300",0.435,0.744,,,#N/A,#N/A,#N/A,#N/A,#N/A,#N/A,#N/A,,#N/A
182,207,"1,315,070","662,085","54,284",1309,652,13,20,0.883,"21,541",1310,652,"111,801","13,000","1,593",0.628,0.947,,,69.48694869,19.44194419,0.460046005,5.810581058,2.110211021,0.360036004,2.330233023,,Secondary
183,69,"1,499,790","661,297","30,627",1495,656,9,11,0.924,"11,180",1499,667,"79,695","9,000","1,225",0.816,0.873,,,85.85,7.53,1.93,0.49,0,0.62,3.58,,Unknown
184,442,"1,025,192","686,059","97,255",1017,667,17,40,0.587,"41,231",1019,707,"75,964","15,037","2,877",0.348,0.917,,,70.72121636,5.291587476,0,8.862658798,5.721716515,6.561968591,2.840852256,,Secondary
185,12,"1,068,833","673,417","12,485",1067,671,4,4,0.967,"5,000",1068,671,"126,870","4,000","1,218",0.821,0.889,,,#N/A,#N/A,#N/A,#N/A,#N/A,#N/A,#N/A,,#N/A
186,20,"540,450","675,250","15,314",538,673,5,5,"1,000","6,403",538,677,"38,660","4,950","1,282",0.780,0.909,,,#N/A,#N/A,#N/A,#N/A,#N/A,#N/A,#N/A,,#N/A
187,21,"804,881","678,214","18,971",802,675,6,7,0.733,"7,810",802,681,"39,806","5,200","1,712",0.584,0.700,,,#N/A,#N/A,#N/A,#N/A,#N/A,#N/A,#N/A,,#N/A
188,12,"1,329,000","700,000","11,314",1327,698,4,4,"1,000","4,472",1328,698,"116,565","4,000","1,000","1,000",0.857,,,#N/A,#N/A,#N/A,#N/A,#N/A,#N/A,#N/A,,#N/A
189,14,"1,536,071","704,714","15,314",1534,702,4,6,0.750,"6,325",1535,702,"108,435","3,795","1,911",0.523,0.757,,,#N/A,#N/A,#N/A,#N/A,#N/A,#N/A,#N/A,,#N/A
190,73,"1,306,719","710,705","32,971",1303,704,7,13,0.844,"13,342",1305,717,"77,005","7,000","1,759",0.568,0.924,,,83.90260399,7.563972495,5.117799572,0,0.383271334,0.293089843,2.739262766,,Unknown
191,39,"1,352,269","707,756","22,971",1348,704,8,7,0.929,"9,220",1349,711,"40,601","6,641","1,387",0.721,0.857,,,92.20077992,2.799720028,1.159884012,0.619938006,0,0.509949005,2.709729027,,Unknown
192,51,"1,329,618","713,304","39,698",1326,708,8,12,0.407,"13,416",1327,708,"116,565","7,620","2,130",0.469,0.646,,,#N/A,#N/A,#N/A,#N/A,#N/A,#N/A,#N/A,,#N/A
193,879,"1,518,329","745,205","139,095",1499,731,40,30,0.571,"42,942",1500,757,"27,759","30,000","1,483",0.674,0.872,,,71.48714871,18.03180318,0.330033003,5.190519052,1.95019502,0.170017002,2.840284028,,Secondary
194,44,"1,331,500","738,523","24,971",1328,735,7,8,0.887,"8,602",1329,735,"125,538","7,000","1,097",0.912,0.889,,,#N/A,#N/A,#N/A,#N/A,#N/A,#N/A,#N/A,,#N/A
195,95,"239,216","743,426","36,042",233,738,12,11,0.919,"12,806",234,740,"141,340","10,733","1,187",0.843,0.896,,,73.76254759,24.04522903,0.923041421,0,0,0,1.269181955,,Theta
196,16,"755,062","742,750","13,899",753,740,4,5,"1,000","5,831",754,740,"120,964","4,000","1,234",0.810,0.889,,,#N/A,#N/A,#N/A,#N/A,#N/A,#N/A,#N/A,,#N/A
197,12,"1,407,750","747,083","11,899",1406,745,4,4,"1,000","5,000",1406,749,"36,870","4,000","1,281",0.780,0.857,,,#N/A,#N/A,#N/A,#N/A,#N/A,#N/A,#N/A,,#N/A
198,16,"1,414,688","749,125","13,899",1412,747,5,4,"1,000","6,403",1412,751,"38,660","4,000","1,568",0.638,0.914,,,#N/A,#N/A,#N/A,#N/A,#N/A,#N/A,#N/A,,#N/A
199,85,"146,006","757,418","35,799",142,750,8,14,0.833,"14,318",145,750,"102,095","8,000","1,746",0.573,0.904,,,#N/A,#N/A,#N/A,#N/A,#N/A,#N/A,#N/A,,#N/A
200,96,"1,037,490","759,396","38,042",1032,753,12,12,0.834,"15,000",1034,753,"126,870","9,604","1,598",0.626,0.889,,,76.63,14,1.17,3.92,1.78,0.4,2.1,,Secondary
201,18,"1,704,778","757,500","15,314",1702,755,5,5,0.965,"6,403",1702,759,"38,660","4,472","1,475",0.678,0.857,,,#N/A,#N/A,#N/A,#N/A,#N/A,#N/A,#N/A,,#N/A
202,44,"1,049,886","759,727","24,971",1045,757,10,6,0.887,"10,770",1045,757,"158,199","6,000","1,773",0.564,0.889,,,#N/A,#N/A,#N/A,#N/A,#N/A,#N/A,#N/A,,#N/A
203,34,"1,378,176","760,353","20,971",1375,757,7,7,0.972,"8,062",1375,758,"150,255","6,364","1,250",0.800,0.872,,,#N/A,#N/A,#N/A,#N/A,#N/A,#N/A,#N/A,,#N/A
204,20,"1,157,450","763,650","17,071",1156,760,3,7,0.862,"7,616",1156,760,"113,199","3,000","2,299",0.435,0.976,,,#N/A,#N/A,#N/A,#N/A,#N/A,#N/A,#N/A,,#N/A
205,13,"1,535,500","763,192","13,071",1534,761,3,5,0.956,"5,385",1534,761,"111,801","3,000","1,551",0.645,0.929,,,#N/A,#N/A,#N/A,#N/A,#N/A,#N/A,#N/A,,#N/A
206,25,"1,284,660","765,180","18,728",1281,763,7,5,0.896,"8,062",1281,767,"29,745","5,000","1,712",0.584,0.862,,,#N/A,#N/A,#N/A,#N/A,#N/A,#N/A,#N/A,,#N/A
207,291,"1,522,503","772,878","74,083",1512,764,21,18,0.666,"25,000",1513,781,"36,870","17,650","1,308",0.764,0.883,,,70.26,13.2,0.62,8.4,4.49,2.57,0.46,,Secondary
208,12,"1,148,000","767,000","11,314",1146,765,4,4,"1,000","4,472",1147,765,"116,565","4,000","1,000","1,000",0.857,,,#N/A,#N/A,#N/A,#N/A,#N/A,#N/A,#N/A,,#N/A
209,78,"1,538,744","775,718","42,284",1535,767,8,16,0.548,"16,492",1536,767,"104,036","8,000","2,525",0.396,0.776,,,53.05819138,22.88784726,21.12724363,0,0,0.514462101,2.412255631,,S-phase
210,24,"1,444,333","770,583","21,799",1441,768,7,5,0.635,"7,616",1441,769,"156,801","5,000","1,420",0.704,0.774,,,#N/A,#N/A,#N/A,#N/A,#N/A,#N/A,#N/A,,#N/A
211,50,"145,440","774,460","24,971",142,770,7,9,"1,000","9,487",144,770,"108,435","7,000","1,272",0.786,0.917,,,#N/A,#N/A,#N/A,#N/A,#N/A,#N/A,#N/A,,#N/A
212,397,"1,043,681","785,686","108,225",1021,778,37,20,0.426,"37,855",1021,781,"167,800","20,000","2,321",0.431,0.775,,,67.5101567,17.35345328,0.371445154,7.47533372,3.876958793,2.228670923,1.183981428,,Secondary
213,81,"1,426,759","788,660","40,042",1422,782,9,14,0.635,"15,652",1423,782,"116,565","7,906","2,275",0.440,0.848,,,#N/A,#N/A,#N/A,#N/A,#N/A,#N/A,#N/A,,#N/A
214,149,"582,721","807,466","47,213",576,799,12,16,0.840,"17,493",577,814,"59,036","12,000","1,486",0.673,0.925,,,55.21625951,23.94873849,14.3071686,2.633159792,0.600720865,0,3.293952743,,Secondary
215,14,"789,429","803,643","13,071",788,801,3,5,"1,000","5,831",788,801,"120,964","3,000","1,662",0.602,0.966,,,#N/A,#N/A,#N/A,#N/A,#N/A,#N/A,#N/A,,#N/A
216,41,"493,768","806,061","23,556",490,802,7,8,0.928,"8,485",491,803,"135,000","7,000","1,112",0.899,0.872,,,68.05883898,29.38008931,0.945626478,0.236406619,0,0.420278434,0.958760179,,Theta
217,84,"1,247,869","808,893","34,042",1243,803,10,12,0.911,"13,454",1243,814,"41,987","8,944","1,544",0.648,0.903,,,66.81668167,16.57165717,13.94139414,0,0,0.570057006,2.100210021,,Unknown
218,22,"1,663,136","807,000","16,485",1661,804,4,6,"1,000","6,708",1662,804,"116,565","4,000","1,484",0.674,0.957,,,#N/A,#N/A,#N/A,#N/A,#N/A,#N/A,#N/A,,#N/A
219,161,"771,649","813,705","51,698",764,805,14,17,0.757,"18,868",765,821,"57,995","11,961","1,596",0.627,0.873,,,68.00680068,30.0630063,0.410041004,0.320032003,0.150015002,0,1.050105011,,Theta
220,64,"1,590,641","810,656","34,627",1586,805,10,10,0.671,"11,402",1588,805,"127,875","10,000","1,101",0.908,0.805,,,#N/A,#N/A,#N/A,#N/A,#N/A,#N/A,#N/A,,#N/A
221,11,"134,136","811,409","11,071",132,810,4,3,"1,000","5,000",132,810,"143,130","3,000","1,372",0.729,0.957,,,#N/A,#N/A,#N/A,#N/A,#N/A,#N/A,#N/A,,#N/A
222,10,"1,543,500","824,700","11,071",1542,823,3,4,"1,000","4,472",1542,823,"116,565","3,000","1,236",0.809,0.909,,,#N/A,#N/A,#N/A,#N/A,#N/A,#N/A,#N/A,,#N/A
223,33,"227,288","828,470","21,799",223,825,8,7,0.873,"8,944",223,827,"153,435","5,657","1,680",0.595,0.835,,,#N/A,#N/A,#N/A,#N/A,#N/A,#N/A,#N/A,,#N/A
224,38,"768,368","829,316","22,385",764,826,8,7,0.953,"9,434",764,827,"147,995","6,364","1,584",0.631,0.874,,,73.95918367,21.17784257,0.816326531,0.29154519,0.209912536,0.244897959,3.300291545,,Secondary
225,44,"588,432","836,273","26,142",585,832,6,10,0.809,"10,770",586,832,"111,801","6,000","1,807",0.553,0.907,,,60.47,19.21,18.51,0.16,0,0.16,1.49,,S-phase
226,11,"1,051,591","835,045","12,485",1050,833,3,4,0.887,"5,000",1050,833,"126,870","3,000","1,419",0.705,0.917,,,#N/A,#N/A,#N/A,#N/A,#N/A,#N/A,#N/A,,#N/A
227,70,"1,491,429","837,986","30,385",1487,833,9,10,0.953,"10,817",1489,833,"123,690","9,000","1,122",0.891,0.909,,,57.49852507,21.60471976,19.36283186,0,0,0.14159292,1.392330383,,Unknown
228,394,"405,003","846,023","83,397",392,835,28,23,0.712,"30,529",394,858,"31,608","18,974","1,677",0.596,0.903,,,78.58831875,4.504611019,0.461101915,5.414991724,4.563726649,5.438637976,1.028611965,,Secondary
229,90,"809,989","839,367","35,213",804,835,13,9,0.912,"13,928",804,843,"21,038","9,000","1,485",0.673,0.918,,,58.86,20.25,18.54,0,0,0.41,1.94,,S-phase
230,49,"256,378","842,908","32,284",251,837,10,11,0.591,"13,601",252,837,"126,027","5,657","2,857",0.350,0.790,,,#N/A,#N/A,#N/A,#N/A,#N/A,#N/A,#N/A,,#N/A
231,16,"780,812","839,750","15,556",778,837,6,5,0.831,"7,211",778,842,"33,690","3,536","2,270",0.441,0.800,,,#N/A,#N/A,#N/A,#N/A,#N/A,#N/A,#N/A,,#N/A
232,10,"1,511,200","844,800","11,314",1509,843,4,4,0.982,"4,472",1510,843,"116,565","3,536","1,241",0.806,0.800,,,#N/A,#N/A,#N/A,#N/A,#N/A,#N/A,#N/A,,#N/A
233,95,"1,584,132","849,374","45,698",1579,843,11,12,0.572,"13,601",1580,854,"53,973","11,000","1,154",0.867,0.848,,,#N/A,#N/A,#N/A,#N/A,#N/A,#N/A,#N/A,,#N/A
234,78,"316,141","848,974","42,042",311,844,10,13,0.555,"14,765",314,857,"61,699","9,610","1,499",0.667,0.757,,,76.71751212,6.893697529,0.886839305,5.226439636,3.760198652,4.10310985,2.412202909,,Secondary
235,24,"327,458","847,208","17,314",325,844,5,6,"1,000","7,211",325,850,"56,310","5,000","1,395",0.717,0.906,,,#N/A,#N/A,#N/A,#N/A,#N/A,#N/A,#N/A,,#N/A
236,30,"587,067","848,767","24,385",583,844,8,8,0.634,"10,630",584,844,"131,186","4,950","2,533",0.395,0.741,,,#N/A,#N/A,#N/A,#N/A,#N/A,#N/A,#N/A,,#N/A
237,10,"1,103,300","846,500","11,071",1101,845,4,3,"1,000","4,472",1101,846,"153,435","3,000","1,236",0.809,0.909,,,#N/A,#N/A,#N/A,#N/A,#N/A,#N/A,#N/A,,#N/A
238,603,"845,014","861,908","120,368",827,848,33,29,0.523,"34,670",827,854,"146,768","27,577","1,285",0.778,0.842,,,70.39743718,18.36019622,0.560616678,5.616177796,1.331464611,0,3.734107518,,Secondary
239,175,"889,014","857,660","51,698",882,849,14,17,0.823,"17,720",886,866,"73,610","13,473","1,363",0.734,0.891,,,51.17605845,23.18086278,23.07076369,0.140126114,0.140126114,0,2.292062857,,S-phase
240,12,"1,524,000","853,000","11,314",1522,851,4,4,"1,000","4,472",1523,851,"116,565","4,000","1,000","1,000",0.857,,,#N/A,#N/A,#N/A,#N/A,#N/A,#N/A,#N/A,,#N/A
241,44,"1,376,727","856,364","24,385",1373,852,7,9,0.930,"9,220",1376,852,"102,529","7,000","1,290",0.775,0.871,,,73.12268773,23.46765323,0,0,0.419958004,0,2.98970103,,Unknown
242,97,"328,438","859,397","38,042",322,854,13,11,0.842,"14,318",322,856,"155,225","10,817","1,440",0.694,0.862,,,53.93157263,22.59903962,21.05842337,0,0,0,2.410964386,,S-phase
243,108,"1,341,130","865,787","48,284",1335,857,12,15,0.582,"18,028",1336,872,"56,310","10,786","1,815",0.551,0.803,,,82.16,8.51,1.33,3.12,1.95,1.46,1.47,,Secondary
244,39,"271,731","863,295","33,456",267,858,9,9,0.438,"9,849",270,858,"113,962","8,497","1,266",0.790,0.661,,,#N/A,#N/A,#N/A,#N/A,#N/A,#N/A,#N/A,,#N/A
245,35,"906,671","870,729","21,799",903,867,7,8,0.926,"9,434",904,867,"122,005","5,657","1,769",0.565,0.843,,,#N/A,#N/A,#N/A,#N/A,#N/A,#N/A,#N/A,,#N/A
246,13,"351,038","872,346","12,485",349,870,4,4,"1,000","5,000",349,871,"143,130","4,000","1,148",0.871,0.897,,,#N/A,#N/A,#N/A,#N/A,#N/A,#N/A,#N/A,,#N/A
247,11,"232,955","879,318","11,899",231,877,4,4,0.976,"5,000",232,877,"126,870","3,536","1,450",0.689,0.846,,,#N/A,#N/A,#N/A,#N/A,#N/A,#N/A,#N/A,,#N/A
248,37,"1,311,689","880,635","21,556",1308,877,7,7,"1,000","8,062",1308,879,"150,255","7,000","1,127",0.887,0.892,,,#N/A,#N/A,#N/A,#N/A,#N/A,#N/A,#N/A,,#N/A
249,16,"1,303,188","882,688","13,899",1301,880,4,5,"1,000","5,831",1302,880,"120,964","4,000","1,292",0.774,0.889,,,#N/A,#N/A,#N/A,#N/A,#N/A,#N/A,#N/A,,#N/A
250,31,"1,069,403","886,887","27,213",1065,883,10,8,0.526,"11,662",1065,884,"149,036","4,950","3,209",0.312,0.681,,,#N/A,#N/A,#N/A,#N/A,#N/A,#N/A,#N/A,,#N/A
251,44,"346,886","890,250","24,971",343,886,8,8,0.887,"10,000",344,886,"126,870","7,071","1,638",0.610,0.863,,,#N/A,#N/A,#N/A,#N/A,#N/A,#N/A,#N/A,,#N/A
252,399,"1,301,580","895,595","95,740",1284,886,37,19,0.547,"38,079",1284,888,"166,329","15,745","2,679",0.373,0.871,,,70.63,18.76,0,4.86,1.77,0.8,3.18,,Secondary
253,238,"1,704,996","902,378","64,184",1698,890,14,24,0.726,"24,331",1703,890,"99,462","13,694","1,887",0.530,0.898,,,72.960199,15.52238806,0.845771144,5.062189055,2.537313433,0.621890547,2.450248756,,Secondary
254,54,"1,393,722","899,778","28,971",1390,894,7,11,0.809,"11,705",1391,905,"70,017","6,641","1,880",0.532,0.878,,,#N/A,#N/A,#N/A,#N/A,#N/A,#N/A,#N/A,,#N/A
255,23,"1,140,109","897,543","16,728",1137,895,6,5,"1,000","6,708",1137,899,"26,565","5,000","1,311",0.763,0.885,,,#N/A,#N/A,#N/A,#N/A,#N/A,#N/A,#N/A,,#N/A
256,68,"572,853","900,868","29,799",568,896,10,9,0.962,"12,207",568,897,"145,008","8,485","1,472",0.680,0.919,,,79.71712308,18.26662654,0,0.320995085,0,0.451399338,1.243855953,,Unknown
257,32,"803,844","900,938","20,142",800,898,7,6,0.991,"7,616",800,902,"23,199","6,000","1,122",0.892,0.889,,,#N/A,#N/A,#N/A,#N/A,#N/A,#N/A,#N/A,,#N/A
258,53,"927,481","904,708","33,213",924,900,8,11,0.604,"12,083",926,911,"65,556","8,000","1,776",0.563,0.779,,,#N/A,#N/A,#N/A,#N/A,#N/A,#N/A,#N/A,,#N/A
259,16,"192,125","908,250","13,899",190,906,4,5,"1,000","5,657",190,910,"45,000","4,000","1,150",0.869,0.889,,,#N/A,#N/A,#N/A,#N/A,#N/A,#N/A,#N/A,,#N/A
260,25,"1,016,420","910,060","17,314",1014,907,5,6,"1,000","6,708",1015,907,"116,565","5,000","1,230",0.813,0.909,,,#N/A,#N/A,#N/A,#N/A,#N/A,#N/A,#N/A,,#N/A
261,69,"800,283","914,268","30,971",796,909,8,11,0.904,"12,530",797,909,"118,610","8,000","1,630",0.614,0.920,,,69.98495196,14.909133,12.74453062,0.185206621,0.277809932,0,1.898367867,,S-phase
262,37,"1,391,662","912,419","20,971",1388,909,7,7,"1,000","7,810",1389,915,"39,806","7,000","1,028",0.972,0.892,,,#N/A,#N/A,#N/A,#N/A,#N/A,#N/A,#N/A,,#N/A
263,68,"227,221","928,397","32,385",223,922,8,12,0.815,"12,649",226,922,"108,435","7,906","1,704",0.587,0.877,,,73.09839498,14.24749942,11.85159339,0,0.209351012,0,0.5931612,,Unknown
264,63,"764,675","928,310","33,213",761,922,7,13,0.718,"13,928",762,922,"111,038","6,412","2,366",0.423,0.863,,,70.2070207,16.59165917,0.370037004,4.740474047,2.360236024,0.630063006,5.100510051,,Secondary
265,81,"487,895","931,315","52,527",480,927,15,9,0.369,"15,524",480,928,"165,069","9,000","1,974",0.507,0.695,,,#N/A,#N/A,#N/A,#N/A,#N/A,#N/A,#N/A,,#N/A
266,21,"669,548","933,929","17,314",667,931,5,6,0.880,"7,810",667,931,"129,806","4,919","1,839",0.544,0.840,,,#N/A,#N/A,#N/A,#N/A,#N/A,#N/A,#N/A,,#N/A
267,15,"658,167","935,233","13,314",656,933,5,4,"1,000","5,385",656,934,"158,199","4,000","1,186",0.843,0.882,,,#N/A,#N/A,#N/A,#N/A,#N/A,#N/A,#N/A,,#N/A
268,76,"144,408","942,382","49,941",138,934,13,17,0.383,"20,248",140,934,"122,905","6,963","3,917",0.255,0.652,,,72.76,7.1,0.41,8.01,4.67,4.26,2.79,,Secondary
269,101,"1,419,965","943,688","37,456",1415,937,10,14,0.905,"14,560",1418,937,"105,945","10,000","1,424",0.702,0.906,,,54.30086017,23.09461892,19.52390478,0.180036007,0,0,2.900580116,,S-phase
270,11,"1,652,500","940,500","12,485",1651,938,3,5,0.887,"5,099",1652,938,"101,310","3,000","1,469",0.681,0.846,,,#N/A,#N/A,#N/A,#N/A,#N/A,#N/A,#N/A,,#N/A
271,49,"1,236,276","942,316","39,456",1229,939,13,8,0.396,"14,765",1229,940,"151,699","6,959","2,476",0.404,0.681,,,#N/A,#N/A,#N/A,#N/A,#N/A,#N/A,#N/A,,#N/A
272,11,"657,591","950,864","11,071",656,949,3,4,"1,000","5,000",656,949,"126,870","3,000","1,372",0.729,0.957,,,#N/A,#N/A,#N/A,#N/A,#N/A,#N/A,#N/A,,#N/A
273,50,"676,720","953,480","25,213",673,949,8,9,0.988,"9,487",675,949,"108,435","8,000","1,138",0.879,0.877,,,59.57872441,20.86373264,17.55707225,0,0.282419393,0.141209696,1.57684161,,S-phase
274,157,"1,264,156","958,022","54,527",1254,952,21,12,0.664,"21,378",1254,962,"10,784","12,000","2,026",0.494,0.820,,,64.78,28.46,2.04,1.8,0.55,0.47,1.9,,Theta
275,20,"873,400","956,000","16,728",871,953,5,6,0.898,"7,211",871,959,"56,310","4,472","1,732",0.577,0.833,,,#N/A,#N/A,#N/A,#N/A,#N/A,#N/A,#N/A,,#N/A
276,14,"968,500","960,286","14,485",967,957,3,6,0.838,"6,325",967,963,"71,565","3,000","1,950",0.513,0.875,,,#N/A,#N/A,#N/A,#N/A,#N/A,#N/A,#N/A,,#N/A
277,28,"352,393","966,214","18,728",350,963,5,7,"1,000","7,616",351,970,"66,801","5,000","1,307",0.765,0.903,,,#N/A,#N/A,#N/A,#N/A,#N/A,#N/A,#N/A,,#N/A
278,43,"570,291","967,267","22,971",567,963,7,8,"1,000","9,434",568,963,"122,005","7,000","1,379",0.725,0.905,,,77.36600676,14.09946886,0.519072912,4.550941574,2.317720908,0.59150169,0.555287301,,Secondary
279,12,"1,295,000","973,000","11,314",1293,971,4,4,"1,000","4,472",1294,971,"116,565","4,000","1,000","1,000",0.857,,,#N/A,#N/A,#N/A,#N/A,#N/A,#N/A,#N/A,,#N/A
280,207,"1,260,534","981,659","54,284",1253,973,16,17,0.883,"18,601",1256,973,"126,254","16,000","1,120",0.893,0.920,,,65.01,30.98,0,0,0,0,4.01,,Theta
281,123,"1,287,955","983,972","58,184",1277,976,21,15,0.457,"24,698",1277,977,"148,241","8,403","3,741",0.267,0.748,,,69.41,26.81,0.79,0.27,0,0,2.72,,Theta
282,17,"163,441","981,265","13,899",161,979,5,4,"1,000","5,831",161,980,"149,036","4,000","1,336",0.749,0.919,,,#N/A,#N/A,#N/A,#N/A,#N/A,#N/A,#N/A,,#N/A
283,10,"943,300","981,500","11,071",941,980,4,3,"1,000","4,472",941,981,"153,435","3,000","1,236",0.809,0.909,,,#N/A,#N/A,#N/A,#N/A,#N/A,#N/A,#N/A,,#N/A
284,30,"1,276,867","985,867","18,728",1274,983,6,6,"1,000","7,211",1274,988,"33,690","6,000","1,116",0.896,0.923,,,78.58,11.5,1.58,3.36,0.72,0.52,3.74,,Secondary
285,42,"231,310","989,048","23,799",227,985,8,8,0.932,"9,434",227,991,"32,005","6,364","1,530",0.653,0.875,,,68.19568278,28.55466917,1.044110746,0.187705303,0.258094791,0.24636321,1.513374003,,Theta
286,14,"498,000","991,286","13,899",496,989,4,5,0.911,"5,831",497,994,"59,036","4,000","1,471",0.680,0.848,,,#N/A,#N/A,#N/A,#N/A,#N/A,#N/A,#N/A,,#N/A
287,14,"581,214","1,000,500","13,314",579,998,4,5,0.993,"5,385",580,998,"111,801","4,000","1,388",0.720,0.824,,,#N/A,#N/A,#N/A,#N/A,#N/A,#N/A,#N/A,,#N/A
288,58,"1,668,741","1,003,310","40,042",1662,999,15,8,0.455,"15,524",1662,1004,"14,931","6,843","2,628",0.380,0.671,,,#N/A,#N/A,#N/A,#N/A,#N/A,#N/A,#N/A,,#N/A
289,641,"819,032","1,015,653","119,196",800,1000,37,31,0.567,"40,719",800,1006,"155,323","25,899","1,689",0.592,0.846,,,72.23,7.04,0.29,7.1,5.19,5.83,2.32,,Secondary
290,250,"957,172","1,011,564","62,184",949,1000,16,23,0.812,"24,042",952,1023,"73,072","14,920","1,671",0.598,0.907,,,74.59143505,16.22330908,0.405582727,4.616485745,1.467255159,0,2.695932244,,Secondary
291,15,"987,167","1,007,767","16,142",985,1005,5,6,0.723,"7,211",985,1005,"123,690","3,536","2,197",0.455,0.750,,,#N/A,#N/A,#N/A,#N/A,#N/A,#N/A,#N/A,,#N/A
292,20,"1,115,000","1,008,800","15,899",1113,1006,4,6,0.994,"6,708",1114,1012,"63,435","4,000","1,546",0.647,0.909,,,#N/A,#N/A,#N/A,#N/A,#N/A,#N/A,#N/A,,#N/A
293,34,"1,245,147","1,009,735","24,971",1240,1006,9,7,0.685,"10,296",1240,1012,"29,055","5,814","2,183",0.458,0.764,,,#N/A,#N/A,#N/A,#N/A,#N/A,#N/A,#N/A,,#N/A
294,24,"1,259,708","1,009,458","18,142",1256,1007,7,5,0.916,"8,062",1256,1008,"150,255","4,472","1,942",0.515,0.857,,,#N/A,#N/A,#N/A,#N/A,#N/A,#N/A,#N/A,,#N/A
295,27,"974,500","1,012,500","18,142",972,1009,5,7,"1,000","7,616",973,1009,"113,199","5,000","1,438",0.695,0.900,,,64.12328293,18.21539882,15.50271269,0.138520143,0,0.173150179,1.846935242,,S-phase
296,19,"781,132","1,013,079","16,142",779,1010,5,6,0.916,"7,211",779,1010,"123,690","4,243","1,851",0.540,0.844,,,#N/A,#N/A,#N/A,#N/A,#N/A,#N/A,#N/A,,#N/A
297,42,"141,571","1,024,952","26,385",138,1020,7,9,0.758,"9,849",141,1020,"113,962","6,905","1,443",0.693,0.832,,,76.22720898,12.79803647,9.747545582,0.12856475,0,0.140252454,0.958391772,,Unknown
298,11,"701,500","1,024,591","12,485",699,1023,5,3,0.887,"5,385",699,1024,"158,199","3,000","1,454",0.688,0.846,,,#N/A,#N/A,#N/A,#N/A,#N/A,#N/A,#N/A,,#N/A
299,26,"495,500","1,028,731","19,556",492,1026,7,5,0.854,"7,616",492,1027,"156,801","5,000","1,671",0.598,0.839,,,#N/A,#N/A,#N/A,#N/A,#N/A,#N/A,#N/A,,#N/A
300,171,"702,050","1,037,488","54,284",696,1027,11,21,0.729,"21,213",701,1048,"81,870","10,850","2,074",0.482,0.898,,,72.25062418,7.620972536,0.142670313,8.310545714,4.613006777,5.314469148,1.74771133,,Secondary
301,125,"1,306,260","1,034,988","42,870",1300,1027,12,15,0.855,"16,643",1301,1042,"57,265","11,180","1,511",0.662,0.899,,,66.65333467,19.03809619,0.429957004,6.079392061,3.719628037,0.809919008,3.269673033,,Secondary
302,376,"1,275,601","1,046,864","88,669",1267,1029,20,33,0.601,"34,205",1268,1029,"105,255","17,582","2,213",0.452,0.848,,,65.83658366,17.93179318,0.640064006,7.050705071,3.560356036,1.670167017,3.310331033,,Secondary
303,34,"1,152,971","1,037,794","24,142",1150,1033,5,9,0.733,"9,487",1152,1033,"108,435","5,000","2,142",0.467,0.861,,,#N/A,#N/A,#N/A,#N/A,#N/A,#N/A,#N/A,,#N/A
304,32,"828,625","1,044,219","20,728",826,1041,6,7,0.936,"8,062",827,1048,"60,255","6,000","1,392",0.718,0.877,,,#N/A,#N/A,#N/A,#N/A,#N/A,#N/A,#N/A,,#N/A
305,49,"817,520","1,049,561","27,213",813,1045,9,9,0.831,"11,402",813,1046,"142,125","6,800","1,919",0.521,0.838,,,#N/A,#N/A,#N/A,#N/A,#N/A,#N/A,#N/A,,#N/A
306,567,"1,500,844","1,067,396","152,894",1487,1048,27,42,0.305,"42,579",1498,1090,"80,538","25,614","1,733",0.577,0.758,,,71.03289671,18.48815118,0,5.899410059,3.129687031,0.269973003,1.179882012,,Secondary
307,12,"1,380,417","1,057,333","12,485",1379,1055,3,5,0.967,"5,385",1379,1055,"111,801","3,000","1,579",0.633,0.889,,,#N/A,#N/A,#N/A,#N/A,#N/A,#N/A,#N/A,,#N/A
308,10,"1,064,500","1,062,300","11,071",1063,1060,3,4,"1,000","4,472",1064,1060,"116,565","3,000","1,236",0.809,0.909,,,#N/A,#N/A,#N/A,#N/A,#N/A,#N/A,#N/A,,#N/A
309,167,"1,524,722","1,068,895","51,355",1517,1061,15,15,0.796,"17,804",1519,1076,"51,843","14,422","1,277",0.783,0.891,,,68.06138353,14.25488551,0,7.612996044,4.112216761,3.368900611,2.589617552,,Secondary
310,55,"655,155","1,070,064","28,385",650,1066,9,8,0.858,"10,296",650,1071,"29,055","8,000","1,193",0.838,0.902,,,#N/A,#N/A,#N/A,#N/A,#N/A,#N/A,#N/A,,#N/A
311,11,"1,018,318","1,067,682","11,899",1016,1066,4,4,0.976,"4,472",1017,1066,"116,565","4,000","1,035",0.966,0.846,,,#N/A,#N/A,#N/A,#N/A,#N/A,#N/A,#N/A,,#N/A
312,12,"1,481,750","1,069,917","11,899",1480,1068,4,4,"1,000","5,000",1480,1068,"126,870","4,000","1,281",0.780,0.857,,,#N/A,#N/A,#N/A,#N/A,#N/A,#N/A,#N/A,,#N/A
313,232,"144,405","1,088,379","69,255",133,1080,21,18,0.608,"22,136",133,1083,"161,565","17,314","1,110",0.901,0.862,,,71.04576713,7.529049087,0.5572682,7.173345981,5.371116908,5.703106474,2.620346218,,Secondary
314,11,"335,682","1,091,955","11,314",334,1090,4,4,"1,000","5,000",334,1094,"36,870","3,536","1,450",0.689,0.846,,,#N/A,#N/A,#N/A,#N/A,#N/A,#N/A,#N/A,,#N/A
315,120,"331,833","1,103,517","43,456",327,1096,11,16,0.799,"17,088",328,1112,"69,444","10,522","1,759",0.569,0.886,,,#N/A,#N/A,#N/A,#N/A,#N/A,#N/A,#N/A,,#N/A
316,62,"198,532","1,102,274","29,799",195,1097,8,11,0.877,"11,402",197,1097,"105,255","8,000","1,473",0.679,0.879,,,75.5897812,15.38931671,0.941205232,4.327099377,1.41791957,0.122234446,2.212443467,,Secondary
317,19,"1,029,237","1,103,868","15,899",1027,1101,4,6,0.944,"6,708",1028,1107,"63,435","4,000","1,598",0.626,0.884,,,#N/A,#N/A,#N/A,#N/A,#N/A,#N/A,#N/A,,#N/A
318,307,"743,800","1,112,373","70,527",732,1102,20,22,0.776,"25,495",733,1106,"138,180","20,000","1,194",0.838,0.922,,,64.01841105,31.88913348,0.86051631,0.340204122,0,0.210126076,2.681608965,,Theta
319,12,"973,417","1,110,667","12,485",972,1108,3,5,0.967,"5,385",972,1113,"68,199","3,000","1,579",0.633,0.889,,,#N/A,#N/A,#N/A,#N/A,#N/A,#N/A,#N/A,,#N/A
320,84,"837,143","1,128,357","38,971",834,1121,7,16,0.695,"16,492",836,1137,"75,964","7,000","2,599",0.385,0.898,,,70.78707131,18.83789785,0,6.229953121,2.109548483,0.271403898,1.764125339,,Secondary
321,50,"1,672,480","1,138,080","27,556",1667,1135,11,6,0.827,"11,402",1667,1136,"164,745","6,000","1,816",0.551,0.885,,,#N/A,#N/A,#N/A,#N/A,#N/A,#N/A,#N/A,,#N/A
322,11,"555,045","1,138,864","11,314",553,1137,4,4,"1,000","4,472",554,1137,"116,565","4,000","1,139",0.878,0.815,,,#N/A,#N/A,#N/A,#N/A,#N/A,#N/A,#N/A,,#N/A
323,36,"850,722","1,141,139","23,213",847,1137,7,8,0.840,"9,434",848,1137,"122,005","6,261","1,684",0.594,0.828,,,#N/A,#N/A,#N/A,#N/A,#N/A,#N/A,#N/A,,#N/A
324,254,"933,354","1,156,622","68,426",925,1144,17,23,0.682,"24,042",926,1167,"73,072","16,832","1,462",0.684,0.849,,,66.45445642,19.4539667,0.195886386,6.868266405,2.938295788,0.734573947,3.354554358,,Secondary
325,221,"1,328,020","1,155,640","70,426",1320,1144,15,24,0.560,"24,331",1326,1144,"99,462","14,513","1,741",0.574,0.822,,,79.04790479,9.630963096,0.580058006,1.390139014,5.540554055,0.710071007,3.100310031,,Secondary
326,24,"309,833","1,146,958","21,899",305,1145,9,4,0.629,"9,487",305,1148,"18,435","3,726","3,002",0.333,0.814,,,#N/A,#N/A,#N/A,#N/A,#N/A,#N/A,#N/A,,#N/A
327,13,"839,115","1,147,115","11,899",837,1145,4,4,"1,000","5,000",838,1145,"126,870","4,000","1,159",0.863,0.897,,,#N/A,#N/A,#N/A,#N/A,#N/A,#N/A,#N/A,,#N/A
328,77,"576,604","1,152,669","31,799",572,1147,9,11,0.957,"11,402",575,1147,"105,255","9,000","1,186",0.843,0.917,,,53.77,23.07,21.45,0,0,0.35,1.36,,S-phase
329,64,"187,734","1,153,750","38,627",180,1148,12,10,0.539,"14,422",180,1156,"33,690","9,227","1,595",0.627,0.707,,,#N/A,#N/A,#N/A,#N/A,#N/A,#N/A,#N/A,,#N/A
330,270,"745,378","1,160,411","63,113",737,1150,17,21,0.852,"23,324",740,1151,"120,964","16,378","1,440",0.694,0.934,,,62.49853097,33.5527089,0.846162886,0.188036197,0.505347279,0,2.409213774,,Theta
331,33,"918,924","1,158,742","20,142",916,1155,6,7,"1,000","7,616",918,1155,"113,199","6,000","1,166",0.857,0.904,,,#N/A,#N/A,#N/A,#N/A,#N/A,#N/A,#N/A,,#N/A
332,76,"217,224","1,167,132","33,456",212,1162,10,11,0.853,"12,207",213,1163,"124,992","9,153","1,367",0.732,0.884,,,59.84972998,20.87344447,17.1284339,0.211317211,0.199577366,0.493073491,1.244423574,,S-phase
333,104,"1,593,500","1,171,212","44,284",1588,1163,10,16,0.666,"17,088",1591,1179,"69,444","9,839","1,940",0.516,0.849,,,73.83646182,15.68526614,0.86140396,4.255592697,2.185651839,0,3.175623554,,Secondary
334,389,"184,058","1,179,657","135,681",173,1164,22,34,0.266,"37,216",176,1197,"59,300","21,368","2,040",0.490,0.664,,,69.3,16.88,0,6.47,3.82,1.78,1.75,,Secondary
335,36,"1,021,722","1,187,778","22,385",1019,1184,6,8,0.903,"8,544",1020,1192,"69,444","6,000","1,346",0.743,0.889,,,#N/A,#N/A,#N/A,#N/A,#N/A,#N/A,#N/A,,#N/A
336,30,"428,367","1,194,900","22,385",425,1191,7,8,0.752,"10,000",425,1191,"126,870","4,950","2,395",0.417,0.800,,,#N/A,#N/A,#N/A,#N/A,#N/A,#N/A,#N/A,,#N/A
337,26,"1,111,423","1,200,115","18,728",1109,1197,6,6,0.932,"7,810",1109,1197,"140,194","5,657","1,321",0.757,0.881,,,#N/A,#N/A,#N/A,#N/A,#N/A,#N/A,#N/A,,#N/A
338,49,"435,112","1,205,643","27,799",430,1202,9,8,0.797,"11,314",431,1202,"135,000","7,071","1,612",0.620,0.875,,,#N/A,#N/A,#N/A,#N/A,#N/A,#N/A,#N/A,,#N/A
339,96,"473,104","1,210,208","38,627",469,1203,9,15,0.809,"15,297",471,1218,"78,690","9,000","1,808",0.553,0.885,,,52.47166063,23.2090686,21.63141288,0,0,0,2.687857894,,S-phase
340,98,"331,969","1,215,296","36,627",326,1210,12,11,0.918,"14,866",327,1210,"132,274","9,899","1,549",0.645,0.920,,,65.65252202,17.35388311,14.87189752,0.210168135,0,0,1.911529223,,S-phase
341,36,"1,526,972","1,219,667","21,314",1524,1216,6,7,0.996,"8,602",1524,1223,"54,462","6,000","1,296",0.771,0.935,,,73.93,13.87,10.46,0,0.39,0.59,0.76,,S-phase
342,26,"591,115","1,218,692","26,627",586,1217,10,4,0.461,"10,198",586,1218,"168,690","4,000","3,031",0.330,0.693,,,#N/A,#N/A,#N/A,#N/A,#N/A,#N/A,#N/A,,#N/A
343,35,"426,900","1,226,900","22,728",422,1224,9,5,0.851,"9,487",422,1226,"161,565","5,000","1,961",0.510,0.897,,,#N/A,#N/A,#N/A,#N/A,#N/A,#N/A,#N/A,,#N/A
344,267,"1,359,440","1,236,507","62,527",1351,1227,18,19,0.858,"21,471",1353,1246,"62,241","18,000","1,084",0.923,0.937,,,67.17861894,16.72511791,0,6.929495707,2.708912807,1.729350587,4.728504051,,Secondary
345,18,"1,621,000","1,230,500","14,485",1619,1228,4,5,"1,000","6,403",1619,1228,"128,660","4,000","1,362",0.734,0.947,,,#N/A,#N/A,#N/A,#N/A,#N/A,#N/A,#N/A,,#N/A
346,30,"1,623,000","1,252,000","19,314",1620,1249,6,6,"1,000","7,211",1621,1249,"123,690","6,000","1,122",0.891,0.909,,,57.49724917,20.50615185,19.19575873,0,0,0.56016805,2.240672202,,S-phase
347,41,"943,671","1,260,695","23,799",939,1257,9,7,0.910,"9,487",939,1259,"161,565","7,000","1,360",0.735,0.845,,,78.82015077,13.03099198,0.694028958,3.793227235,1.711140361,0.191456264,1.759004427,,Secondary
348,12,"953,333","1,260,333","13,314",951,1258,5,4,0.851,"5,657",951,1262,"45,000","3,578","1,633",0.612,0.774,,,#N/A,#N/A,#N/A,#N/A,#N/A,#N/A,#N/A,,#N/A
349,29,"1,636,362","1,264,121","19,314",1634,1261,5,7,0.977,"7,616",1634,1261,"113,199","5,000","1,287",0.777,0.921,,,67.70303818,28.85683887,0.189147653,0.106395555,0,0.626551602,2.518028136,,Theta
350,130,"1,228,415","1,287,285","44,042",1221,1281,14,13,0.842,"17,205",1221,1282,"144,462","12,333","1,388",0.720,0.890,,,74.83251675,22.30776922,0.419958004,0.249975002,0.379962004,0.339966003,1.469853015,,Secondary
351,115,"1,256,057","1,288,822","54,527",1246,1283,20,12,0.486,"20,881",1246,1293,"16,699","9,459","2,862",0.349,0.726,,,#N/A,#N/A,#N/A,#N/A,#N/A,#N/A,#N/A,,#N/A
352,12,"936,000","1,286,000","11,314",934,1284,4,4,"1,000","4,472",935,1284,"116,565","4,000","1,000","1,000",0.857,,,#N/A,#N/A,#N/A,#N/A,#N/A,#N/A,#N/A,,#N/A
353,17,"327,088","1,287,382","13,899",325,1285,4,5,"1,000","5,831",326,1290,"59,036","4,000","1,263",0.792,0.919,,,#N/A,#N/A,#N/A,#N/A,#N/A,#N/A,#N/A,,#N/A
354,13,"769,115","1,288,885","11,899",767,1287,4,4,"1,000","5,000",767,1290,"36,870","4,000","1,159",0.863,0.897,,,#N/A,#N/A,#N/A,#N/A,#N/A,#N/A,#N/A,,#N/A
355,245,"939,831","1,305,137","68,912",931,1294,17,22,0.648,"22,472",938,1294,"110,854","15,918","1,504",0.665,0.843,,,71.1038961,17.84554731,0.405844156,5.194805195,2.922077922,1.240723562,1.287105751,,Secondary
356,53,"122,047","1,301,651","35,799",117,1298,12,8,0.520,"13,416",117,1304,"26,565","7,566","2,041",0.490,0.716,,,61.94380562,18.21817818,16.41835816,0.299970003,0,0.139986001,2.97970203,,S-phase
357,11,"1,672,864","1,304,045","11,314",1671,1302,4,4,"1,000","4,472",1672,1302,"116,565","4,000","1,139",0.878,0.815,,,#N/A,#N/A,#N/A,#N/A,#N/A,#N/A,#N/A,,#N/A
358,288,"1,226,517","1,314,212","67,012",1218,1304,18,22,0.806,"25,239",1220,1326,"56,310","17,669","1,421",0.703,0.923,,,67.12328767,29.43705629,0.529947005,0.249975002,0.229977002,0,2.429757024,,Theta
359,596,"655,899","1,324,559","144,125",645,1305,30,48,0.361,"50,160",650,1353,"66,501","26,307","2,989",0.335,0.646,,,71.37,10,0.25,8.19,4.7,3.13,2.36,,Secondary
360,185,"766,684","1,315,219","54,284",760,1307,14,18,0.789,"21,095",762,1325,"58,570","13,533","1,613",0.620,0.905,,,73.41346154,7.079326923,0.300480769,7.463942308,4.627403846,4.663461538,2.451923077,,Secondary
361,207,"1,686,780","1,320,287","57,355",1679,1312,17,18,0.791,"21,401",1679,1329,"37,405","14,628","1,493",0.670,0.896,,,50.56494351,25.17748225,22.26777322,0,0.079992001,0,1.909809019,,S-phase
362,10,"807,200","1,315,900","11,314",805,1314,4,4,0.982,"4,472",806,1314,"116,565","4,000","1,028",0.973,0.769,,,#N/A,#N/A,#N/A,#N/A,#N/A,#N/A,#N/A,,#N/A
363,22,"1,627,591","1,319,409","21,556",1623,1317,8,5,0.595,"8,544",1623,1320,"20,556","4,271","2,213",0.452,0.759,,,#N/A,#N/A,#N/A,#N/A,#N/A,#N/A,#N/A,,#N/A
364,44,"1,130,614","1,331,886","23,556",1127,1328,7,8,0.996,"8,944",1129,1336,"63,435","7,000","1,172",0.853,0.907,,,61.67740306,20.17178224,16.63508905,0,0,0,1.515725654,,S-phase
365,13,"633,885","1,330,885","11,899",632,1329,4,4,"1,000","5,000",632,1329,"126,870","4,000","1,159",0.863,0.897,,,#N/A,#N/A,#N/A,#N/A,#N/A,#N/A,#N/A,,#N/A
366,10,"732,500","1,331,000","10,485",731,1329,3,4,"1,000","5,000",731,1333,"53,130","3,000","1,551",0.645,0.909,,,#N/A,#N/A,#N/A,#N/A,#N/A,#N/A,#N/A,,#N/A
367,28,"1,228,286","1,334,000","18,142",1225,1331,6,6,"1,000","6,708",1227,1331,"116,565","6,000","1,018",0.982,0.903,,,#N/A,#N/A,#N/A,#N/A,#N/A,#N/A,#N/A,,#N/A
368,128,"728,227","1,339,359","42,627",721,1334,14,12,0.885,"16,401",721,1335,"142,431","11,926","1,432",0.698,0.931,,,70.77292271,24.81751825,0.859914009,0.109989001,0,0.129987001,3.309669033,,Theta
369,155,"846,668","1,345,235","53,113",840,1337,13,19,0.690,"19,723",841,1338,"120,466","13,000","1,644",0.608,0.849,,,71.71,19.24,0.42,4.91,2.19,0.34,1.19,,Secondary
370,486,"276,037","1,356,449","110,225",262,1341,26,35,0.503,"38,079",265,1341,"113,199","25,682","1,582",0.632,0.770,,,68.92803598,11.05697151,0.287356322,8.995502249,4.672663668,3.573213393,2.486256872,,Secondary
371,21,"924,405","1,345,119","17,314",922,1342,5,6,0.880,"6,708",923,1342,"116,565","5,000","1,500",0.667,0.824,,,#N/A,#N/A,#N/A,#N/A,#N/A,#N/A,#N/A,,#N/A
372,19,"216,342","1,350,289","26,627",213,1348,7,5,0.337,"8,062",213,1348,"150,255","5,000","1,659",0.603,0.633,,,#N/A,#N/A,#N/A,#N/A,#N/A,#N/A,#N/A,,#N/A
373,24,"753,625","1,352,833","16,728",751,1350,5,6,"1,000","6,708",752,1350,"116,565","5,000","1,222",0.818,0.906,,,#N/A,#N/A,#N/A,#N/A,#N/A,#N/A,#N/A,,#N/A
374,22,"543,682","1,356,091","16,728",541,1353,5,6,0.988,"7,211",542,1353,"123,690","4,919","1,582",0.632,0.880,,,#N/A,#N/A,#N/A,#N/A,#N/A,#N/A,#N/A,,#N/A
375,68,"350,191","1,361,706","30,627",346,1356,9,11,0.911,"12,042",346,1366,"48,366","8,485","1,461",0.684,0.889,,,64.15,19.03,14.27,0.14,0,0.19,2.22,,S-phase
376,99,"1,261,237","1,362,258","36,627",1255,1357,12,11,0.927,"13,000",1255,1364,"22,620","11,000","1,090",0.918,0.908,,,69.9,17.98,0.46,5.23,2.61,0.84,2.98,,Secondary
377,38,"1,123,289","1,361,658","24,142",1119,1359,8,6,0.819,"8,944",1119,1363,"26,565","6,000","1,372",0.729,0.884,,,#N/A,#N/A,#N/A,#N/A,#N/A,#N/A,#N/A,,#N/A
378,102,"222,304","1,368,147","42,527",216,1361,12,14,0.709,"16,643",218,1375,"57,265","9,323","1,992",0.502,0.857,,,#N/A,#N/A,#N/A,#N/A,#N/A,#N/A,#N/A,,#N/A
379,29,"1,547,155","1,365,086","26,971",1542,1363,10,5,0.501,"11,180",1542,1368,"26,565","4,667","3,050",0.328,0.707,,,#N/A,#N/A,#N/A,#N/A,#N/A,#N/A,#N/A,,#N/A
380,32,"818,031","1,370,875","22,971",815,1366,6,9,0.762,"9,220",817,1366,"102,529","5,590","1,738",0.576,0.790,,,#N/A,#N/A,#N/A,#N/A,#N/A,#N/A,#N/A,,#N/A
381,13,"1,543,115","1,373,346","15,314",1541,1371,5,4,0.697,"5,831",1541,1375,"30,964","4,000","1,289",0.776,0.765,,,#N/A,#N/A,#N/A,#N/A,#N/A,#N/A,#N/A,,#N/A
382,23,"1,122,630","1,374,630","20,971",1119,1372,7,5,0.657,"8,062",1119,1372,"150,255","5,000","1,690",0.592,0.767,,,#N/A,#N/A,#N/A,#N/A,#N/A,#N/A,#N/A,,#N/A
383,139,"349,104","1,381,651","44,042",343,1375,13,14,0.901,"15,811",345,1389,"55,305","13,000","1,105",0.905,0.914,,,53.07530753,23.22232223,21.40214021,0.220022002,0.270027003,0.340034003,1.470147015,,S-phase
384,12,"90,417","1,378,333","12,485",89,1376,3,5,0.967,"5,385",89,1376,"111,801","3,000","1,579",0.633,0.889,,,#N/A,#N/A,#N/A,#N/A,#N/A,#N/A,#N/A,,#N/A
385,47,"690,500","1,388,500","24,971",687,1384,7,9,0.947,"9,487",689,1393,"71,565","7,000","1,256",0.796,0.887,,,70.28457197,25.49388523,0.964252117,0.082314205,0.141110066,0.341015992,2.692850423,,Theta
386,13,"1,383,885","1,388,115","11,899",1382,1386,4,4,"1,000","5,000",1382,1390,"36,870","4,000","1,159",0.863,0.897,,,#N/A,#N/A,#N/A,#N/A,#N/A,#N/A,#N/A,,#N/A
387,38,"420,079","1,395,079","23,556",416,1392,9,6,0.861,"9,849",416,1398,"23,962","6,000","1,646",0.607,0.864,,,#N/A,#N/A,#N/A,#N/A,#N/A,#N/A,#N/A,,#N/A
388,231,"1,561,578","1,404,660","66,184",1553,1395,18,19,0.663,"22,672",1554,1411,"41,424","16,007","1,207",0.828,0.834,,,69.69583645,15.3328347,0.186985789,6.008476689,3.76464722,2.293692346,2.717526801,,Secondary
389,19,"425,711","1,403,447","15,314",423,1401,5,5,"1,000","6,403",423,1405,"38,660","4,919","1,380",0.725,0.884,,,#N/A,#N/A,#N/A,#N/A,#N/A,#N/A,#N/A,,#N/A
390,170,"1,031,424","1,412,500","50,042",1025,1404,12,18,0.853,"18,682",1029,1404,"105,524","12,000","1,570",0.637,0.932,,,51.61014882,24.55476946,21.34666992,0,0.097584777,0.304952427,2.085874604,,S-phase
391,130,"794,123","1,415,208","44,042",787,1408,14,13,0.842,"15,620",791,1408,"129,806","12,728","1,114",0.898,0.887,,,77.40327558,11.70187515,0.676477569,5.613577023,2.195585094,1.507239497,0.901970093,,Secondary
392,17,"905,676","1,419,794","20,385",902,1418,7,4,0.514,"7,616",902,1418,"156,801","4,000","2,300",0.435,0.723,,,#N/A,#N/A,#N/A,#N/A,#N/A,#N/A,#N/A,,#N/A
393,10,"1,574,300","1,421,000","10,485",1573,1419,3,4,"1,000","4,472",1573,1419,"116,565","3,000","1,327",0.753,0.909,,,#N/A,#N/A,#N/A,#N/A,#N/A,#N/A,#N/A,,#N/A
394,116,"810,836","1,435,991","54,426",804,1427,14,15,0.492,"16,155",808,1442,"68,199","13,313","1,268",0.788,0.734,,,75.76937571,21.21592765,1.193317422,0,0,0,1.821379224,,Unknown
395,47,"1,686,500","1,433,181","27,556",1684,1427,6,11,0.778,"11,402",1685,1427,"105,255","6,000","1,872",0.534,0.895,,,#N/A,#N/A,#N/A,#N/A,#N/A,#N/A,#N/A,,#N/A
396,69,"638,370","1,434,848","31,556",635,1429,7,12,0.871,"12,369",637,1429,"104,036","7,000","1,712",0.584,0.920,,,74.33663763,6.578552118,0,7.910283368,3.915089617,6.037849204,1.221588064,,Secondary
397,12,"627,917","1,433,083","12,485",626,1431,4,4,0.967,"5,657",626,1435,"45,000","4,000","1,575",0.635,0.857,,,#N/A,#N/A,#N/A,#N/A,#N/A,#N/A,#N/A,,#N/A
398,300,"584,740","1,441,967","89,983",570,1433,25,21,0.466,"25,710",570,1443,"13,496","20,800","1,208",0.828,0.778,,,74.04669717,10.20767335,0.293323947,6.124604013,4.071336384,3.989205679,1.267159451,,Secondary
399,67,"977,306","1,438,888","35,799",972,1433,9,12,0.657,"14,422",972,1445,"56,310","8,427","1,815",0.551,0.802,,,80.54,11.48,0.96,2.51,1.17,0.44,2.9,,Secondary
400,178,"998,596","1,446,624","63,598",989,1438,17,16,0.553,"19,105",990,1452,"42,879","15,930","1,117",0.895,0.852,,,75.73242676,14.09859014,1.169883012,4.329567043,0.909909009,0.149985001,3.609639036,,Secondary
401,192,"1,200,312","1,446,677","53,355",1191,1440,19,14,0.848,"20,248",1191,1442,"159,775","14,000","1,440",0.694,0.910,,,71.34412747,18.69699306,0.269853508,5.538421999,1.130814701,0,3.019789257,,Secondary
402,159,"766,104","1,446,588","48,042",758,1441,16,12,0.866,"17,493",758,1442,"149,036","12,000","1,327",0.754,0.933,,,65.65943832,25.26365683,7.631235928,0,0,0,1.445668918,,Unknown
403,261,"1,243,400","1,458,542","85,983",1233,1445,21,23,0.444,"25,239",1239,1445,"123,690","17,826","1,446",0.692,0.778,,,#N/A,#N/A,#N/A,#N/A,#N/A,#N/A,#N/A,,#N/A
404,10,"1,227,700","1,452,400","12,485",1226,1450,3,5,0.806,"5,385",1227,1450,"111,801","3,000","1,690",0.592,0.833,,,#N/A,#N/A,#N/A,#N/A,#N/A,#N/A,#N/A,,#N/A
405,34,"1,039,147","1,454,824","22,971",1036,1451,6,8,0.810,"9,434",1037,1451,"122,005","5,814","1,769",0.565,0.850,,,#N/A,#N/A,#N/A,#N/A,#N/A,#N/A,#N/A,,#N/A
406,10,"1,054,700","1,457,500","10,485",1053,1456,4,3,"1,000","4,472",1053,1456,"153,435","3,000","1,236",0.809,0.909,,,#N/A,#N/A,#N/A,#N/A,#N/A,#N/A,#N/A,,#N/A
407,26,"910,308","1,460,885","21,899",908,1457,4,9,0.681,"9,849",908,1457,"113,962","4,000","2,664",0.375,0.852,,,#N/A,#N/A,#N/A,#N/A,#N/A,#N/A,#N/A,,#N/A
408,134,"1,093,336","1,468,784","42,042",1087,1462,12,14,0.953,"14,765",1090,1475,"61,699","12,000","1,137",0.880,0.937,,,49.4944573,25.54513339,22.7920575,0.085272262,0,0.3532708,1.729808746,,S-phase
409,130,"795,508","1,472,085","42,284",789,1466,13,14,0.914,"14,560",795,1480,"74,055","13,000","1,061",0.943,0.900,,,63.73,18.8,15.43,0,0,0.23,1.81,,S-phase
410,15,"1,000,100","1,467,900","13,071",998,1466,4,4,"1,000","5,657",998,1466,"135,000","4,000","1,137",0.880,0.968,,,#N/A,#N/A,#N/A,#N/A,#N/A,#N/A,#N/A,,#N/A
411,141,"1,035,599","1,475,415","68,669",1026,1468,17,16,0.376,"19,416",1026,1472,"145,491","13,923","1,612",0.620,0.727,,,71.11711171,8.700870087,0.600060006,7.720772077,5.210521052,5.630563056,1.02010201,,Secondary
412,134,"1,440,672","1,479,649","45,456",1432,1473,15,13,0.815,"17,000",1432,1482,"28,072","12,075","1,333",0.750,0.899,,,#N/A,#N/A,#N/A,#N/A,#N/A,#N/A,#N/A,,#N/A
413,117,"1,070,038","1,480,415","42,627",1064,1474,11,14,0.809,"15,000",1065,1475,"126,870","11,000","1,393",0.718,0.897,,,71.80281972,7.579242076,0.259974003,7.239276072,4.639536046,5.709429057,2.769723028,,Secondary
414,184,"643,168","1,488,049","55,698",638,1477,12,22,0.745,"22,204",640,1477,"97,765","12,000","1,862",0.537,0.900,,,#N/A,#N/A,#N/A,#N/A,#N/A,#N/A,#N/A,,#N/A
415,12,"1,063,250","1,486,833","11,899",1061,1485,4,4,"1,000","5,000",1062,1489,"53,130","4,000","1,135",0.881,0.857,,,#N/A,#N/A,#N/A,#N/A,#N/A,#N/A,#N/A,,#N/A
416,20,"1,220,200","1,492,000","15,899",1217,1490,6,4,0.994,"6,708",1217,1491,"153,435","4,000","1,546",0.647,0.909,,,#N/A,#N/A,#N/A,#N/A,#N/A,#N/A,#N/A,,#N/A
417,27,"188,907","1,496,241","19,314",185,1494,7,5,0.910,"7,616",185,1495,"156,801","5,000","1,498",0.668,0.885,,,#N/A,#N/A,#N/A,#N/A,#N/A,#N/A,#N/A,,#N/A
418,46,"863,217","1,501,630","28,042",858,1498,11,8,0.735,"11,705",858,1503,"19,983","6,364","2,081",0.481,0.814,,,#N/A,#N/A,#N/A,#N/A,#N/A,#N/A,#N/A,,#N/A
419,51,"654,598","1,503,461","33,799",649,1499,9,9,0.561,"12,042",649,1499,"131,634","8,050","1,323",0.756,0.761,,,#N/A,#N/A,#N/A,#N/A,#N/A,#N/A,#N/A,,#N/A
420,67,"691,813","1,505,067","29,556",687,1501,10,8,0.964,"11,180",687,1508,"26,565","8,000","1,286",0.778,0.931,,,72.07850134,13.61029693,9.850898433,0,0.063718619,0.203899579,4.192685103,,Unknown
421,762,"1,673,419","1,522,671","208,451",1639,1505,65,33,0.220,"70,774",1639,1535,"23,305","18,863","4,826",0.207,0.707,,,#N/A,#N/A,#N/A,#N/A,#N/A,#N/A,#N/A,,#N/A
422,14,"172,357","1,507,429","13,071",170,1506,5,3,"1,000","5,831",170,1509,"30,964","3,000","1,662",0.602,0.966,,,#N/A,#N/A,#N/A,#N/A,#N/A,#N/A,#N/A,,#N/A
423,142,"1,345,648","1,513,345","44,870",1338,1507,15,13,0.886,"17,000",1338,1517,"28,072","12,442","1,404",0.712,0.902,,,#N/A,#N/A,#N/A,#N/A,#N/A,#N/A,#N/A,,#N/A
424,24,"199,333","1,510,833","17,899",197,1508,5,6,0.941,"7,211",197,1508,"123,690","5,000","1,358",0.737,0.889,,,#N/A,#N/A,#N/A,#N/A,#N/A,#N/A,#N/A,,#N/A
425,175,"124,283","1,516,386","51,698",116,1509,17,15,0.823,"18,601",119,1509,"126,254","13,184","1,407",0.711,0.891,,,64.0625,32.0713141,0,0.23036859,0,0.651041667,2.984775641,,Theta
426,17,"654,912","1,511,441","14,485",653,1509,4,5,"1,000","6,403",653,1514,"51,340","4,000","1,497",0.668,0.919,,,#N/A,#N/A,#N/A,#N/A,#N/A,#N/A,#N/A,,#N/A
427,19,"359,079","1,520,921","15,314",357,1518,4,6,"1,000","6,325",358,1518,"108,435","4,000","1,491",0.671,0.884,,,#N/A,#N/A,#N/A,#N/A,#N/A,#N/A,#N/A,,#N/A
428,13,"179,115","1,529,115","11,899",177,1527,4,4,"1,000","5,000",178,1527,"126,870","4,000","1,159",0.863,0.897,,,#N/A,#N/A,#N/A,#N/A,#N/A,#N/A,#N/A,,#N/A
429,34,"1,628,794","1,534,118","20,728",1625,1531,7,6,0.994,"8,062",1625,1533,"150,255","6,000","1,163",0.860,0.919,,,#N/A,#N/A,#N/A,#N/A,#N/A,#N/A,#N/A,,#N/A
430,122,"131,443","1,544,156","44,042",123,1540,17,9,0.790,"17,720",123,1541,"163,610","9,000","1,958",0.511,0.910,,,54.09786851,27.85950165,16.60162113,0,0,0,1.441008706,,S-phase
431,274,"1,068,164","1,551,241","63,355",1060,1540,16,22,0.858,"23,087",1065,1540,"107,650","16,000","1,394",0.718,0.932,,,50.01501652,24.88737611,23.93632996,0,0,0,1.161277405,,S-phase
432,52,"1,156,981","1,554,212","26,385",1153,1550,8,9,0.939,"9,899",1154,1558,"45,000","8,000","1,154",0.866,0.874,,,#N/A,#N/A,#N/A,#N/A,#N/A,#N/A,#N/A,,#N/A
433,40,"893,300","1,554,575","22,142",890,1551,7,7,"1,000","8,062",890,1552,"150,255","7,000","1,045",0.957,0.920,,,89.29,4.52,1.18,0.79,0.83,0.31,3.08,,Unknown
434,64,"802,125","1,581,422","32,627",796,1576,11,10,0.755,"13,601",796,1577,"143,973","8,404","1,873",0.534,0.831,,,#N/A,#N/A,#N/A,#N/A,#N/A,#N/A,#N/A,,#N/A
435,15,"440,633","1,585,367","14,142",438,1583,5,5,0.942,"5,831",439,1583,"120,964","4,243","1,517",0.659,0.789,,,#N/A,#N/A,#N/A,#N/A,#N/A,#N/A,#N/A,,#N/A
436,34,"1,152,676","1,586,235","20,971",1149,1583,7,7,0.972,"8,602",1149,1584,"144,462","6,261","1,412",0.708,0.861,,,#N/A,#N/A,#N/A,#N/A,#N/A,#N/A,#N/A,,#N/A
437,13,"926,192","1,588,500","12,485",924,1587,5,3,"1,000","5,385",924,1587,"158,199","3,000","1,551",0.645,0.929,,,#N/A,#N/A,#N/A,#N/A,#N/A,#N/A,#N/A,,#N/A
438,105,"1,140,357","310,110","38,042",1135,304,11,13,0.912,"14,765",1137,317,"61,699","10,607","1,398",0.715,0.909,,,#N/A,#N/A,#N/A,#N/A,#N/A,#N/A,#N/A,,#N/A
